,DATE,MJD,EXPTIME,RA,DEC,AIRMASS,ROT_ANGLE,AZ,EL,RA_MD,DEC_MD,EXPTIME_MD,TEMP_SET_MD,CCDTEMP_MD,FILTER_MD,ELSTART_MD,ELEND_MD,AZSTART_MD,AZEND_MD,RA_WCS,DEC_WCS,dRA,dDEC,dAZ,dEL,PNT_OFFSET
2022021500334,2022-02-16 05:15:05.733902,59626.218816364606,30.0,221.936174713928,-44.8730643447422,1.71351189422244,349.630286686246,126.00481503127999,35.625101832964,221.93595875,-44.87299225,30.0,-94.1500015258789,,SDSSg,35.625101832964,35.7213940306538,126.00481503128,125.985544253577,221.933209990623,-44.863406737731964,0.17788339829805327,-0.5794564206136,0.7292902425597837,-0.033826339489111075,0.5930124481751513
2022021500335,2022-02-16 05:15:38.543128,59626.21919610102,30.0,221.936076864035,-44.873010796867,1.70954876813925,349.630189508424,125.985544253577,35.7213940306538,221.93595875,-44.87299225,30.0,-94.1500015258789,,SDSSg,35.7213940306538,35.8176272197743,125.985544253577,125.966516662826,221.93322150935373,-44.863450469477556,0.17132128087355913,-0.5736196433670535,0.7221058045640114,-0.031023990669831487,0.5863296744844543
2022021500338,2022-02-16 05:20:47.760507,59626.22277500587,30.0,222.009270758352,-45.0600157192159,1.67418008163207,350.699589733892,126.05594285248701,36.6013096853276,222.0088625,-45.0604323888889,30.0,-94.1500015258789,,SDSSg,36.6013096853276,36.6976550801774,126.055942852487,126.039128084172,222.0037758337955,-45.05354428596872,0.32969547339016597,-0.3882859948310311,0.5200617451738155,-0.17648766817585476,0.4527779208309796
2022021500339,2022-02-16 05:21:20.658143,59626.22315576555,30.0,222.009106920913,-45.0604217236697,1.67042253516855,350.698014713375,126.039128084172,36.6976550801774,222.0088625,-45.0604323888889,30.0,-94.1500015258789,,SDSSg,36.6976550801774,36.7939387842198,126.039128084172,126.022019166936,222.00392567449623,-45.05350513258622,0.3108747850055519,-0.41499546500877876,0.551124158071006,-0.16027357354123342,0.4695175387827107
2022021500344,2022-02-16 05:24:43.154545,59626.2254994739,30.0,220.816953192335,-44.7822100935099,1.61840839227778,352.823543749568,125.454126228084,38.0884551092022,220.815876666667,-44.7792708333333,30.0,-94.1500015258789,,SDSSg,38.0884551092022,38.1856199189206,125.454126228084,125.435125459422,220.8111385869115,-44.77210427933459,0.34887632540734514,-0.606348850518921,0.8035472104993436,-0.1736504823827642,0.6549730209898788
2022021500345,2022-02-16 05:25:15.996716,59626.22587959162,30.0,220.816093527222,-44.7792730369105,1.61496477897556,352.819169891819,125.43512545942201,38.1856199189206,220.815876666667,-44.7792708333333,30.0,-94.1500015258789,,SDSSg,38.1856199189206,38.2825688107987,125.435125459422,125.420094807138,220.81120672986998,-44.77213318776618,0.29320784111770143,-0.42839094865961136,0.5732020900354521,-0.15629941533195657,0.476278040598818
2022021500350,2022-02-16 05:28:37.802078,59626.22821530183,30.0,220.950357630049,-44.7817613322798,1.5973861627416,353.079468204793,125.36248811006999,38.6848997159832,220.948180833333,-44.7792708333333,30.0,-94.1500015258789,,SDSSg,38.6848997159832,38.7830144747131,125.36248811007,125.34500636578,220.9434343887078,-44.772130594119254,0.4153944804702948,-0.5778442896327987,0.7783798650457151,-0.22967474789004916,0.6487311110981043
2022021500351,2022-02-16 05:29:10.610417,59626.22859502798,30.0,220.94842517796,-44.7792994599198,1.59405479538003,353.075991977711,125.34500636577998,38.7830144747131,220.948180833333,-44.7792708333333,30.0,-94.1500015258789,,SDSSg,38.7830144747131,38.880105523669,125.34500636578,125.330987353314,220.94339548146758,-44.772117538165126,0.30178178954585655,-0.43091530528040484,0.5801283158377939,-0.1663337965199151,0.4812282560262744
2022021500356,2022-02-16 05:32:47.651421,59626.23110707663,30.0,221.080800229288,-44.7796121369588,1.57557295184402,353.545586394074,125.26893623589402,39.3280876263016,221.080485,-44.7792708333333,30.0,-94.1500015258789,,SDSSg,39.3280876263016,39.4252148850792,125.268936235894,125.255497921695,221.07579125618093,-44.772093236282565,0.30053838642276,-0.4511340405750007,0.608681780426863,-0.1673701972002142,0.4990360049040608
2022021500357,2022-02-16 05:33:20.577237,59626.23148816246,30.0,221.080769253413,-44.779271283398,1.57233758758622,353.545735268347,125.255497921695,39.4252148850792,221.080485,-44.7792708333333,30.0,-94.1500015258789,,SDSSg,39.4252148850792,39.5223747773998,125.255497921695,125.242670257081,221.07573944874005,-44.77207514060077,0.3017882803750327,-0.4317685678345463,0.5843201639314344,-0.1708796693875578,0.4819945648066097
2022021500362,2022-02-16 05:37:01.717201,59626.23404765278,30.0,221.212932688812,-44.7793262105406,1.55409599838636,354.160400075823,125.184215534915,39.9827974124928,221.212789583333,-44.7792708333333,30.0,-94.1500015258789,,SDSSg,39.9827974124928,40.0799698217888,125.184215534915,125.17237045287,221.20822609627714,-44.77198913793809,0.2823955520895488,-0.4402243561503897,0.5964658742221245,-0.1604504679253303,0.4837182605328764
2022021500363,2022-02-16 05:37:34.586656,59626.2344280863,30.0,221.213027098638,-44.7792760429679,1.55099329585138,354.161158416688,125.17237045287,40.0799698217888,221.212789583333,-44.7792708333333,30.0,-94.1500015258789,,SDSSg,40.0799698217888,40.177248178341,125.17237045287,125.160761852254,221.20822946063896,-44.77200056394566,0.2878582799415947,-0.4365287413344325,0.5926139472474923,-0.1653484168557525,0.4819885992836103
2022021500368,2022-02-16 05:41:20.893170,59626.237047374656,30.0,221.345356528655,-44.7792190524466,1.53289610725444,355.158795499567,125.106375147108,40.6527452751179,221.34509375,-44.7792708333333,30.0,-94.1500015258789,,SDSSg,40.6527452751179,40.7501568480511,125.106375147108,125.095933307413,221.34058727088814,-44.771950212289084,0.28615546600858177,-0.43613040945032355,0.5950020414159072,-0.16837002456238787,0.48111633916857427
2022021500369,2022-02-16 05:41:53.807957,59626.23742833283,30.0,221.34526096836,-44.7792814362482,1.52988135548714,355.159565511227,125.095933307413,40.7501568480511,221.34509375,-44.7792708333333,30.0,-94.1500015258789,,SDSSg,40.7501568480511,40.8475036009331,125.095933307413,125.085607249726,221.3406276626806,-44.77192427829514,0.2779983407651937,-0.44142947718263875,0.6019209017116,-0.16290125764499003,0.48353303456710506
2022021500374,2022-02-16 05:45:37.850086,59626.24002141303,30.0,221.477706866573,-44.7797651906126,1.5126581976817,355.596287444379,125.03881700753101,41.3175097688218,221.477397916667,-44.7792708333333,30.0,-94.1500015258789,,SDSSg,41.3175097688218,41.4149615748902,125.038817007531,125.028943796147,221.4729100360134,-44.77193799641764,0.28780983357594886,-0.4696316516973974,0.6432724385148012,-0.17215345470403465,0.5121476291032204
2022021500375,2022-02-16 05:46:10.826654,59626.24040308628,30.0,221.47761742744,-44.7792771486658,1.50975369875187,355.596305767027,125.028943796147,41.4149615748902,221.477397916667,-44.7792708333333,30.0,-94.1500015258789,,SDSSg,41.4149615748902,41.5123999699135,125.028943796147,125.019914139499,221.47291860609243,-44.77193128199809,0.2819292808537179,-0.44075200006169724,0.6050173745436755,-0.17065750158079315,0.48406164592123274
2022021500380,2022-02-16 05:49:57.757901,59626.243029605335,30.0,221.88696115176,-45.1541546518881,1.49791587492613,356.701055700626,125.495473374118,41.8177569492836,221.8867925,-45.1541511388889,30.0,-94.1500015258789,,SDSSg,41.8177569492836,41.9146106227417,125.495473374118,125.488030244102,221.8821855966531,-45.14680083751229,0.28653330641192887,-0.44122886254805244,0.6067714100330316,-0.17804650204030015,0.48530191877607604
2022021500381,2022-02-16 05:50:30.762048,59626.243411597774,30.0,221.886991106007,-45.1541639120546,1.49510534225017,356.701229993453,125.488030244102,41.9146106227417,221.8867925,-45.1541511388889,30.0,-94.1500015258789,,SDSSg,41.9146106227417,42.0114642961853,125.488030244102,125.480768163194,221.88222649236621,-45.146772729727175,0.28587681844548074,-0.4434709396453697,0.6102868809386099,-0.17820042292018404,0.4871494921611814
2022021500386,2022-02-16 05:54:15.861005,59626.246016909776,30.0,222.020116429726,-45.1544337666189,1.47893694464159,357.020351863204,125.448546339263,42.4816278203507,222.019977916667,-45.1541511388889,30.0,-94.1500015258789,,SDSSg,42.4816278203507,42.5785016103619,125.448546339263,125.442109484662,222.01543348621016,-45.14675867514527,0.2809766109486009,-0.4605054884180974,0.6363896870620049,-0.17834814135890917,0.50132995819626
2022021500387,2022-02-16 05:54:48.733186,59626.24639737483,30.0,222.020183109995,-45.1541593102595,1.47624029452513,357.020323817177,125.44210948466201,42.5785016103619,222.019977916667,-45.1541511388889,30.0,-94.1500015258789,,SDSSg,42.5785016103619,42.6754433496826,125.442109484662,125.436247069825,222.01532163415783,-45.14675279320021,0.29168855022882534,-0.4443910235567471,0.6154994598071427,-0.18732051053536214,0.4896948701337949
2022021500397,2022-02-16 06:05:21.456680,59626.25372056343,30.0,221.609941142107,-44.7793066849246,1.41948532297566,358.507213153855,124.838455547084,44.7290342136403,221.6097025,-44.7792708333333,30.0,-94.1500015258789,,SDSSg,44.7290342136403,44.8267596050136,124.838455547084,124.8365064752,221.58827118593948,-44.77261568070847,1.3001973700509328,-0.40146025296823845,0.5796686722509682,-0.9186591435601461,1.0064974560870004
2022021500398,2022-02-16 06:05:54.255114,59626.254100174934,30.0,221.609862184174,-44.7792784250772,1.4170736298688,358.507407848238,124.8365064752,44.8267596050136,221.6097025,-44.7792708333333,30.0,-94.1500015258789,,SDSSg,44.8267596050136,44.9243920131557,124.8365064752,124.83481847166,221.5881799672752,-44.77258869842774,1.3009330139249469,-0.4013835989670431,0.5783812134054992,-0.9198667678475756,1.0069461945495195
2022021500399,2022-02-16 06:06:48.433703,59626.25472724193,30.0,221.742221225495,-44.7794409082484,1.41544035106785,358.081667091787,124.83537145375202,44.8926744445344,221.742006666667,-44.7792708333333,30.0,-94.1500015258789,,SDSSg,44.8926744445344,44.9903520031949,124.835371453752,124.833607901324,221.7205319266565,-44.77267499778161,1.3013579303064098,-0.40595462800676235,0.584026969277098,-0.9206007363313337,1.009051302338233
2022021500400,2022-02-16 06:07:21.242047,59626.255106968136,30.0,221.742213716816,-44.7792729784915,1.41304532489937,358.081551593338,124.83360790132399,44.9903520031949,221.742006666667,-44.7792708333333,30.0,-94.1500015258789,,SDSSg,44.9903520031949,45.0879446252366,124.833607901324,124.832310606231,221.72044507684132,-44.77260682948203,1.3061183984815068,-0.3999689405680332,0.5743881511407343,-0.9247057840304406,1.0097618324332502
2022021500407,2022-02-16 06:12:36.577517,59626.25875668422,30.0,220.743695019278,-44.8729193461873,1.37441139690791,359.99974159252,124.98115308998999,46.6292720123165,220.743467083333,-44.87299225,30.0,-94.1500015258789,,SDSSg,46.6292720123165,46.7267761214607,124.98115308999,124.984235395183,220.72217069645043,-44.86586393743331,1.2914593696524763,-0.4233245252388233,0.5847690819092745,-0.9253054378238381,1.008434064855945
2022021500408,2022-02-16 06:13:09.389162,59626.25913644863,30.0,220.743692015881,-44.8729847971025,1.37222910005467,359.999738541535,124.98423539518302,46.7267761214607,220.743467083333,-44.87299225,30.0,-94.1500015258789,,SDSSg,46.7267761214607,46.8242319508572,124.984235395183,124.987488914718,220.72212145969448,-44.86587113766664,1.294233371192808,-0.4268195661516496,0.5885094648786215,-0.928055189468886,1.0116877965793765
2022021500413,2022-02-16 06:16:51.533409,59626.2617075626,30.0,220.876058133255,-44.8727708956219,1.35976370389875,359.999447776863,125.005850423564,47.2889000757568,220.87596625,-44.87299225,30.0,-94.1500015258789,,SDSSg,47.2889000757568,47.3862821443909,125.005850423564,125.010906834592,220.85458160555999,-44.865849476149215,1.2885916616981907,-0.4152851683609897,0.5640440607966096,-0.9276686757379592,1.0032364920798904
2022021500414,2022-02-16 06:17:24.334558,59626.26208720554,30.0,220.876178415413,-44.8729987627646,1.3576545191159,359.999637418131,125.010906834592,47.3862821443909,220.87596625,-44.87299225,30.0,-94.1500015258789,,SDSSg,47.3862821443909,47.4837607725494,125.010906834592,125.015876073827,220.8546445262009,-44.86581744160733,1.2920333527246788,-0.43087926943620003,0.585598314051595,-0.9313678483698369,1.0119964898204112
2022021500419,2022-02-16 06:21:08.395220,59626.26468050023,30.0,221.815685979148,-45.2476285147535,1.35804044973626,359.999421932028,125.56081287979,47.3683211787575,221.815487083333,-45.2478688333333,30.0,-94.1500015258789,,SDSSg,47.3683211787575,47.4651100321644,125.56081287979,125.567115176906,221.7940513448393,-45.24064656990878,1.29807805852221,-0.41891669068333937,0.5580513798337674,-0.9318810239895507,1.0053928458536672
2022021500420,2022-02-16 06:21:41.202903,59626.26506021878,30.0,221.815697615931,-45.24786550207,1.35595095236882,359.999552378855,125.567115176906,47.4651100321644,221.815487083333,-45.2478688333333,30.0,-94.1500015258789,,SDSSg,47.4651100321644,47.5619042499893,125.567115176906,125.573332984422,221.7940759893689,-45.24060706046641,1.297297593721007,-0.43550649621616144,0.5812131387379854,-0.9327814540763645,1.0119201647307021
2022021500425,2022-02-16 06:25:24.397161,59626.267643485655,30.0,221.94902528475,-45.2479262096955,1.34399556022844,359.999512792952,125.60669072388602,48.025397567355,221.94887,-45.2478688333333,30.0,-94.1500015258789,,SDSSg,48.025397567355,48.1221037193172,125.606690723886,125.614395369281,221.9274953543568,-45.240528157426034,1.2917958235903042,-0.4438831361676966,0.5857438872383747,-0.9334465806421702,1.0120708654567203
2022021500426,2022-02-16 06:25:57.411659,59626.26802559791,30.0,221.949096593499,-45.2478665545048,1.3419665209804,359.999446101016,125.614395369281,48.1221037193172,221.94887,-45.2478688333333,30.0,-94.1500015258789,,SDSSg,48.1221037193172,48.218868432843,125.614395369281,125.622481782411,221.92745981267703,-45.24050787379002,1.2982068493173085,-0.44152084288747595,0.5803610740851864,-0.9385218122539443,1.0151002600721026
2022021500431,2022-02-16 06:29:41.452661,59626.270618665054,30.0,221.008744867164,-44.8729819666019,1.31474064117432,359.999337834669,125.17685465930799,49.4675458057754,221.008465416667,-44.87299225,30.0,-94.1500015258789,,SDSSg,49.4675458057754,49.5649086519115,125.176854659308,125.187840540399,220.98734596891032,-44.865444755630975,1.2839338952194557,-0.45223265825507114,0.5877735329425332,-0.9418694773943913,1.0161301135553602
2022021500432,2022-02-16 06:30:14.334825,59626.27099924565,30.0,221.008618843965,-44.8729824494731,1.31285218665278,359.999579084075,125.187840540399,49.5649086519115,221.008465416667,-44.87299225,30.0,-94.1500015258789,,SDSSg,49.5649086519115,49.6621172710293,125.187840540399,125.19912235855,220.98735359356266,-44.86541421813894,1.2759150241386052,-0.45409388004960644,0.5898142655870446,-0.9370525962328514,1.0118781073242473
2022021500437,2022-02-16 06:33:58.006509,59626.2735880383,30.0,221.744227708139,-45.3415447573556,1.3108937720117,359.999181340865,125.923284817924,49.6666788144939,221.743970416667,-45.3415856944444,30.0,-94.1500015258789,,SDSSg,49.6666788144939,49.7601900084846,125.923284817924,125.935980160211,221.72258697938588,-45.33402855623044,1.2984437251850893,-0.45097206750887475,0.5671067022100096,-0.9498064906516147,1.018044470345811
2022021500438,2022-02-16 06:34:30.869930,59626.27396840197,30.0,221.744135093658,-45.3415823031977,1.30904408414139,359.99960074508,125.93598016021102,49.7601900084846,221.743970416667,-45.3415856944444,30.0,-94.1500015258789,,SDSSg,49.7601900084846,49.8565215452545,125.935980160211,125.949302692388,221.72261829038723,-45.33399497557486,1.291008196245096,-0.45523965737024796,0.5727968329108131,-0.9456874086982346,1.0152676309355666
2022021500443,2022-02-16 06:38:15.440441,59626.2765675977,30.0,221.141087133191,-44.872963301641,1.28793421658559,359.999190591831,125.36745600818499,50.8877204938763,221.140964166667,-44.87299225,30.0,-94.1500015258789,,SDSSg,50.8877204938763,50.9846787734859,125.367456008185,125.383024890412,221.11996821911663,-44.8652294192639,1.2671348444585275,-0.4640329426262691,0.5848199795055132,-0.9413805910854305,1.0108463238288945
2022021500444,2022-02-16 06:38:48.255319,59626.27694739953,30.0,221.141207602915,-44.8729951276183,1.28618163643132,359.99920795561,125.38302489041199,50.9846787734859,221.140964166667,-44.87299225,30.0,-94.1500015258789,,SDSSg,50.9846787734859,51.0817380829685,125.383024890412,125.398889262666,221.11988935299337,-44.86525067914565,1.2790949952956603,-0.46466690835883356,0.5827531447184285,-0.9505753553247507,1.0186729204849063
2022021500449,2022-02-16 06:42:32.383821,59626.27954147941,30.0,221.273756705663,-44.8729778688497,1.27607669290322,359.999100279048,125.47975518225599,51.5496293290489,221.273463333333,-44.87299225,30.0,-94.1500015258789,,SDSSg,51.5496293290489,51.646635441386,125.479755182256,125.497587401856,221.25234484370375,-44.865147508124124,1.2847117175537448,-0.4698216435348098,0.5801815837849013,-0.9591983233744757,1.0245712677468213
2022021500450,2022-02-16 06:43:05.370733,59626.27992327238,30.0,221.273621701038,-44.8729816271861,1.27437285380787,359.999096121826,125.497587401856,51.646635441386,221.273463333333,-44.87299225,30.0,-94.1500015258789,,SDSSg,51.646635441386,51.7434989496105,125.497587401856,125.515742380609,221.2524052059706,-44.86512771475309,1.2729897040412328,-0.47123474598077064,0.5822672623753006,-0.951819123406192,1.017849250903065
2022021500453,2022-02-16 06:48:11.243614,59626.28346346776,30.0,221.877781598335,-45.3415462354051,1.26731432244689,359.99896597399,126.339390654539,52.0532073660725,221.877550833333,-45.3415856944444,30.0,-94.1500015258789,,SDSSg,52.0532073660725,52.1490999146336,126.339390654539,126.360716898416,221.864277245102,-45.332268185646065,0.8102611939785079,-0.5566829855416864,0.7697672360122436,-0.641321264291212,0.7964277648081107
2022021500454,2022-02-16 06:48:44.069312,59626.28384339482,30.0,221.877728965024,-45.341585239123,1.26567783869588,359.999030747476,126.360716898416,52.1490999146336,221.877550833333,-45.3415856944444,30.0,-94.1500015258789,,SDSSg,52.1490999146336,52.2448632701271,126.360716898416,126.382328797568,221.86424661608459,-45.33226210323125,0.8089409363636262,-0.5593881535042435,0.773908549376839,-0.6417288509241991,0.7976589775939212
2022021500459,2022-02-16 06:52:28.685189,59626.28644311562,30.0,222.011289823733,-45.3415721776815,1.2562518970644,359.999002263053,126.49125196455901,52.7062957568996,222.011131666667,-45.3415856944444,30.0,-94.1500015258789,,SDSSg,52.7062957568996,52.8019388600223,126.491251964559,126.515015442361,221.99789063198432,-45.332124521849764,0.8039515049189339,-0.5668593499038762,0.7842718261463508,-0.6449790355676127,0.8004365830293152
2022021500460,2022-02-16 06:53:01.485561,59626.28682274955,30.0,222.011332029502,-45.3415827571303,1.25467059521818,359.998984028563,126.515015442361,52.8019388600223,222.011131666667,-45.3415856944444,30.0,-94.1500015258789,,SDSSg,52.8019388600223,52.8975511177414,126.515015442361,126.539147723903,221.99792193205147,-45.332118626668816,0.8046058470277317,-0.567847827689104,0.7853102773500997,-0.6465515006800286,0.8014614247210206
2022021500465,2022-02-16 06:56:46.300182,59626.28942477062,30.0,221.406159766874,-44.8729914303063,1.23615748387187,359.999006736865,126.02644347070598,53.9516445084446,221.4059625,-44.87299225,30.0,-94.1500015258789,,SDSSg,53.9516445084446,54.0478624983662,126.026443470706,126.053438563336,221.39288679780418,-44.86329442228454,0.7963781441869401,-0.5818204813054116,0.8171015397481317,-0.6535053503718904,0.8106069883094763
2022021500466,2022-02-16 06:57:19.316767,59626.28980690702,30.0,221.40620452732,-44.8729845815443,1.2346519721678,359.998915946242,126.053438563336,54.0478624983662,221.4059625,-44.87299225,30.0,-94.1500015258789,,SDSSg,54.0478624983662,54.1440711005562,126.053438563336,126.08086146829,221.39300763546348,-44.863309305603295,0.791813511390263,-0.5805165564599178,0.8154027544781915,-0.651097788404339,0.8074197211279487
2022021500471,2022-02-16 07:01:01.531895,59626.292378841375,30.0,221.538655541969,-44.8729879132963,1.22612039030133,359.998867617027,126.21684723018602,54.6021248980396,221.538461666667,-44.87299225,30.0,-94.1500015258789,,SDSSg,54.6021248980396,54.6981095357769,126.216847230186,126.246655513038,221.52550853887485,-44.86319634755875,0.7888201856487401,-0.5874939442534292,0.8252625196573871,-0.6560446839500061,0.8109872376691313
2022021500472,2022-02-16 07:01:34.334845,59626.29275850515,30.0,221.538696647925,-44.8729951537284,1.22467723723261,359.998940857258,126.24665551303798,54.6981095357769,221.538461666667,-44.87299225,30.0,-94.1500015258789,,SDSSg,54.6981095357769,54.7941057964345,126.246655513038,126.276886690845,221.52547373225846,-44.86317979477272,0.7933749399896387,-0.5889215373402326,0.8262039178344684,-0.660488856315882,0.8142478979868417
2022021500477,2022-02-16 07:05:16.352530,59626.29532815427,30.0,221.671184287713,-44.8729715275889,1.21645229303202,359.998871107733,126.426477510919,55.2509400828712,221.670960416667,-44.87299225,30.0,-94.1500015258789,,SDSSg,55.2509400828712,55.3466600759857,126.426477510919,126.459251422872,221.6580282261519,-44.863169068714726,0.7893636936627445,-0.5881475324505425,0.822826103877912,-0.6634186951384826,0.8117264163504798
2022021500478,2022-02-16 07:05:49.196967,59626.29570829823,30.0,221.67122764356,-44.873002323137,1.21505810673445,359.998862602674,126.459251422872,55.3466600759857,221.670960416667,-44.87299225,30.0,-94.1500015258789,,SDSSg,55.3466600759857,55.4423872216576,126.459251422872,126.492407996629,221.6579953346282,-44.863117416099,0.7939385359056025,-0.593094422279608,0.8296971308163639,-0.6685859712215939,0.8175461583004723
2022021500481,2022-02-16 07:11:54.653766,59626.29993812229,30.0,221.620985786791,-45.4352523111724,1.20127265124867,359.998900923266,127.852949578737,56.3108762188785,221.620817916667,-45.4353017222222,30.0,-94.1500015258789,,SDSSg,56.3108762188785,56.4048174603813,127.852949578737,127.893446911548,221.6077695044043,-45.42529649493099,0.7929769432011377,-0.5973489744837476,0.8118307264001765,-0.6817910588287519,0.8164006316229134
2022021500482,2022-02-16 07:12:27.495169,59626.30031823112,30.0,221.620999447909,-45.4352978768681,1.19997435915969,359.998781007229,127.89344691154801,56.4048174603813,221.620817916667,-45.4353017222222,30.0,-94.1500015258789,,SDSSg,56.4048174603813,56.4987198098534,127.893446911548,127.934361774896,221.60773922047352,-45.425250014383224,0.7956136461284957,-0.6028717490928561,0.8199026443546482,-0.6859377550070913,0.8217064021073099
2022021500487,2022-02-16 07:16:15.034130,59626.30295178391,30.0,221.80367621111,-44.8730123440094,1.19100262173178,359.998873097214,127.127720941295,57.0634718819492,221.803459583333,-44.87299225,30.0,-94.1500015258789,,SDSSg,57.0634718819492,57.1554604752891,127.127720941295,127.168161947702,221.79065358172497,-44.862787448470385,0.7813577630996446,-0.6134937323418576,0.857625637188453,-0.6832555981341251,0.8264636298034841
2022021500488,2022-02-16 07:16:48.015701,59626.30333351506,30.0,221.803678165297,-44.8729855299543,1.18973173594898,359.998810443015,127.16944359659101,57.1583586021297,221.803459583333,-44.87299225,30.0,-94.1500015258789,,SDSSg,57.1583586021297,57.2503373607033,127.169443596591,127.210450549115,221.79072546724063,-44.862786256794124,0.7771618833811987,-0.6119563896108359,0.8554478205649755,-0.6810785964531052,0.8233307869615175
2022021500493,2022-02-16 07:20:34.485866,59626.30595469753,30.0,221.754930885585,-45.4353223375782,1.1826416588413,359.998833337224,128.502024490808,57.694520561301005,221.754646666667,-45.4353017222222,30.0,-94.1500015258789,,SDSSg,57.694520561301,57.7876915617671,128.502024490808,128.550058383917,221.7416513758661,-45.42498544563697,0.7967705831317019,-0.6202135164730128,0.8372895999030862,-0.7058492523441451,0.835057190194062
2022021500494,2022-02-16 07:21:07.391559,59626.30633555046,30.0,221.754874691196,-45.4352930654187,1.1814308138382,359.998695937034,128.550058383917,57.7876915617671,221.754646666667,-45.4353017222222,30.0,-94.1500015258789,,SDSSg,57.7876915617671,57.8807159348362,128.550058383917,128.598705161785,221.74170613953993,-45.42499788078628,0.7901130993612567,-0.6177110779453391,0.8340809073021779,-0.7017556017333643,0.8300721405758497
2022021500499,2022-02-16 07:24:50.391245,59626.30891656534,30.0,221.88853614323,-45.4352879898076,1.17456464285461,359.998659982651,128.838745881294,58.3253841682308,221.888475833333,-45.4353017222222,30.0,-94.1500015258789,,SDSSg,58.3253841682308,58.4180124684208,128.838745881294,128.890566159462,221.87571581688763,-45.424878028582185,0.7692195805391591,-0.6245976735238989,0.8481472231297265,-0.6959409405087814,0.8255484792698061
2022021500500,2022-02-16 07:25:23.195429,59626.30929624339,30.0,221.8886302504,-45.435280370848,1.17340380090905,359.998724972665,128.890566159462,58.4180124684208,221.888475833333,-45.4353017222222,30.0,-94.1500015258789,,SDSSg,58.4180124684208,58.5105853362911,128.890566159462,128.943014968609,221.8755003998096,-45.424818251745954,0.7877910354255218,-0.6277271461228304,0.8455897995409006,-0.7104237332854056,0.8364751659323088
2022021500505,2022-02-16 07:29:09.055199,59626.3119103611,30.0,222.022636643146,-45.4353430683813,1.16667710778027,359.998912536629,129.20685895202,58.961196450793096,222.022305,-45.4353017222222,30.0,-94.1500015258789,,SDSSg,58.9611964507931,59.0535829051369,129.20685895202,129.262754399751,222.00954311318827,-45.42470998455163,0.7856117974620281,-0.6379850297795668,0.8581647458190198,-0.7185622802837295,0.8431997403803425
2022021500506,2022-02-16 07:29:41.858227,59626.31229002577,30.0,222.022455132898,-45.4352687848505,1.16555999490621,359.998689422584,129.261017222379,59.05075049241711,222.022305,-45.4353017222222,30.0,-94.1500015258789,,SDSSg,59.0507504924171,59.1428311749332,129.261017222379,129.31758054017,222.00948753706234,-45.42466288035166,0.7780557501389829,-0.6363542699302117,0.8570077273025226,-0.7141399610696446,0.8385042653131998
2022021600503,2022-02-17 05:53:16.658309,59627.2453316934,30.0,221.874457680069,-44.7792792935355,1.4621440644318,353.959256455444,124.898127992143,43.0894628747337,221.874310833333,-44.7792708333333,30.0,-94.1500015258789,,SDSSg,43.0894628747337,43.1870103462716,-235.101872007857,-235.107466201778,221.86565880753167,-44.770236320518315,0.527932352239239,-0.542578381031527,0.7633826429403683,-0.3537540258599071,0.6594264561634617
2022021600504,2022-02-17 05:53:49.637791,59627.24571340036,30.0,221.874523425135,-44.7792645967182,1.45948411832045,353.95953458919,124.89253379822198,43.1870103462716,221.874310833333,-44.7792708333333,30.0,-94.1500015258789,,SDSSg,43.1870103462716,43.2846919282456,-235.107466201778,-235.112821679126,221.8657325290054,-44.77021927185695,0.5274537677744986,-0.5427194916740148,0.7639885186109125,-0.35431728123540784,0.6593496370937839
2022021600551,2022-02-17 06:26:50.511604,59627.2686401806,30.0,222.009046916968,-45.0604242201143,1.3252987838828,359.999459974416,125.400097597827,48.9348425551289,222.0088625,-45.0604323888889,30.0,-94.1500015258789,,SDSSg,48.9348425551289,49.031821398341,-234.599902402173,-234.589973311435,222.0009240740879,-45.05072106527671,0.4873705728043135,-0.5821892902550475,0.8489082720628721,-0.38451876319534595,0.6763719536733218
2022021600552,2022-02-17 06:27:23.500878,59627.26902200091,30.0,222.009081722583,-45.0604385193238,1.32335281463736,359.999400511429,125.41002668856501,49.031821398341,222.0088625,-45.0604323888889,30.0,-94.1500015258789,,SDSSg,49.031821398341,49.1288400276535,-234.589973311435,-234.579767953168,222.00089601913206,-45.05068459511478,0.4911422070561521,-0.5852354525421464,0.8538338925300679,-0.3884204557958647,0.6803506067748072
2022021600599,2022-02-17 07:01:53.503411,59627.29298036355,30.0,222.006819688331,-44.7792688433936,1.21820274557262,359.998971618948,126.21539749621299,55.1315267964237,222.006615416667,-44.7792708333333,30.0,-94.1500015258789,,SDSSg,55.1315267964237,55.227538703286,126.215397496213,126.24716647384,221.99753141378815,-44.76950849168642,0.5572964725690139,-0.5856211024311139,0.8768594488913443,-0.4995374361149819,0.7067281631367219
2022021600600,2022-02-17 07:02:26.311989,59627.29336009246,30.0,222.006826617848,-44.7792685499312,1.21679673730718,359.998955540643,126.24716647384,55.227538703286,222.006615416667,-44.7792708333333,30.0,-94.1500015258789,,SDSSg,55.227538703286,55.3235765381687,126.24716647384,126.279389638876,221.99751985386126,-44.76953051612668,0.5584058392015603,-0.5842820282715433,0.8745026898102377,-0.5011269436294241,0.7060607520097265
2022021700399,2022-02-18 05:08:17.308165,59628.214089214875,30.0,222.009152738167,-45.0605017445409,1.70667783217471,346.764707080952,126.21070094822801,35.7908122821682,222.0088625,-45.0604323888889,30.0,-94.1500015258789,,SDSSg,35.7908122821682,35.8869310303708,126.210700948228,126.192066301097,222.00050383080037,-45.054800015621986,0.5189344419960119,-0.3421037351341723,0.48618070688950366,-0.31025879171398485,0.5014084969390528
2022021700400,2022-02-18 05:08:50.213345,59628.21447006187,30.0,222.008959230943,-45.0605236175968,1.70274077420608,346.765236764785,126.19206630109699,35.8869310303708,222.0088625,-45.0604323888889,30.0,-94.1500015258789,,SDSSg,35.8869310303708,35.9828526361962,126.192066301097,126.173604209413,222.00049325207314,-45.05480378487528,0.5079587321885579,-0.343189963290951,0.48607423582975107,-0.3030270421384732,0.49651858815924693
2022021700408,2022-02-18 05:16:42.736181,59628.219939076174,30.0,221.874469162607,-44.7793675098913,1.64668026395074,347.860919703971,125.57596244334098,37.3208860143204,221.874310833333,-44.7792708333333,30.0,-94.1500015258789,,SDSSg,37.3208860143204,37.4146980627411,125.575962443341,125.559933562268,221.86963166113284,-44.773277376677356,0.29025008844624217,-0.3654079928353683,0.4901624299430048,-0.15631853056889658,0.41949307499080984
2022021700409,2022-02-18 05:17:15.592369,59628.22031935612,30.0,221.8744932461,-44.7793658921019,1.64306233350562,347.861490481248,125.55993356226801,37.4146980627411,221.874310833333,-44.7792708333333,30.0,-94.1500015258789,,SDSSg,37.4146980627411,37.51142701348,125.559933562268,125.543539900769,221.8695990390124,-44.77330326654648,0.29365242525341245,-0.36375753332482214,0.4888271126693817,-0.1595177335074479,0.419251756805946
2022021700410,2022-02-18 05:17:59.202833,59628.220824106866,30.0,222.007210312327,-44.7811360090182,1.6417586422063,347.44218162205,125.555836935047,37.4506454750081,222.006615416667,-44.7792708333333,30.0,-94.1500015258789,,SDSSg,37.4506454750081,37.5474589153309,125.555836935047,125.537211228599,222.00187970800218,-44.77332075228928,0.319836259487099,-0.4689154037344777,0.6235034065254679,-0.16458801326580283,0.5209865659233928
2022021700411,2022-02-18 05:18:32.037877,59628.2212041421,30.0,222.006835117883,-44.7793131496797,1.63818923921476,347.441031906547,125.537211228599,37.5474589153309,222.006615416667,-44.7792708333333,30.0,-94.1500015258789,,SDSSg,37.5474589153309,37.6442736967583,125.537211228599,125.521101434235,222.00190841978045,-44.773300501259314,0.2956018861517609,-0.36075890522295806,0.48573860524440365,-0.1620751798363492,0.4173468233015057
2022021700418,2022-02-18 05:23:05.193461,59628.22436566506,30.0,221.936201010707,-44.8730718934623,1.60705988350539,349.506365437545,125.519961942424,38.4095839246147,221.93595875,-44.87299225,30.0,-94.1500015258789,,SDSSg,38.4095839246147,38.506415246331,125.519961942424,125.50545923828,221.93138103004063,-44.86697149792481,0.28919883998252355,-0.3660237322495901,0.49437617680293366,-0.16229557517215099,0.4195009995186909
2022021700419,2022-02-18 05:23:37.998653,59628.224745354775,30.0,221.936201974049,-44.8730573152261,1.60368204053491,349.506843975867,125.50545923828,38.506415246331,221.93595875,-44.87299225,30.0,-94.1500015258789,,SDSSg,38.506415246331,38.6032876952668,125.50545923828,125.491133559932,221.9313387909574,-44.86694319388255,0.29179098549444704,-0.36684728061309113,0.49602926386524604,-0.16462337380942157,0.42111886292213097
2022021700424,2022-02-18 05:26:54.613360,59628.227020987964,30.0,220.816056415184,-44.7793377036107,1.55792560604143,350.603169288168,125.20072766064499,39.8626657410641,220.815876666667,-44.7792708333333,30.0,-94.1500015258789,,SDSSg,39.8626657410641,39.9598806186696,125.200727660645,125.188699741353,220.81139944950448,-44.77318194714317,0.27941794076949383,-0.3693453880523601,0.5034747580855805,-0.16392075602924097,0.4192351200885099
2022021700425,2022-02-18 05:27:27.460250,59628.2274011603,30.0,220.816066652442,-44.7793229772475,1.55480300584503,350.603341162438,125.18869974135302,39.9598806186696,220.815876666667,-44.7792708333333,30.0,-94.1500015258789,,SDSSg,39.9598806186696,40.0571303649776,125.188699741353,125.176886845817,220.81139160104806,-44.77317797920557,0.2805030836360308,-0.36869988251527375,0.5031054864965319,-0.16534664186197365,0.4190320467789355
2022021700430,2022-02-18 05:30:44.557947,59628.22968238364,30.0,221.887044393661,-45.1542075741714,1.55937365632244,351.039302156903,125.693972040404,39.818339554884,221.8867925,-45.1541511388889,30.0,-94.1500015258789,,SDSSg,39.818339554884,39.914932159998,125.693972040404,125.682561029185,221.8821945899427,-45.14817772973622,0.2909882230945585,-0.36179066611034233,0.4932003955964263,-0.17303753965699042,0.4159400449519322
2022021700431,2022-02-18 05:31:17.407851,59628.23006259086,30.0,221.887093280571,-45.15419986935,1.55626220694212,351.039633895506,125.682561029185,39.914932159998,221.8867925,-45.1541511388889,30.0,-94.1500015258789,,SDSSg,39.914932159998,40.0115931614419,125.682561029185,125.671335537423,221.8821376676655,-45.14817988586706,0.2973367743289191,-0.36119900897604545,0.4932671284970932,-0.17814452802587027,0.4176553759080138
2022021700436,2022-02-18 05:34:33.439118,59628.23233147127,30.0,222.020270896991,-45.1541904181331,1.54093178836325,351.408220810241,125.62833570360098,40.3955638988991,222.019977916667,-45.1541511388889,30.0,-94.1500015258789,,SDSSg,40.3955638988991,40.4923469408532,125.628335703601,125.618026186217,222.01539994991072,-45.14813365201372,0.2922568248150233,-0.3634059671616992,0.4974499059780331,-0.17738250830092475,0.4177865219127522
2022021700437,2022-02-18 05:35:06.238789,59628.232711097095,30.0,222.020165453935,-45.1541881448427,1.53791173443433,351.408400002169,125.618026186217,40.4923469408532,222.019977916667,-45.1541511388889,30.0,-94.1500015258789,,SDSSg,40.4923469408532,40.588984696471,125.618026186217,125.607922751893,222.01539203478362,-45.148139606307794,0.2864051490825629,-0.362912312093929,0.4967344347619083,-0.17390483598755846,0.4153346686517815
2022021700442,2022-02-18 05:38:22.506096,59628.234982709444,30.0,221.815704268746,-45.2479098893336,1.5156622334133,352.466396440635,125.67206509827501,41.2169448121422,221.815487083333,-45.2478688333333,30.0,-94.1500015258789,,SDSSg,41.2169448121422,41.3135468050023,125.672065098275,125.663579483022,221.81089947647735,-45.241749017940954,0.28828753611918484,-0.36965228355919794,0.5081316103614535,-0.17949311552295638,0.421713803679219
2022021700443,2022-02-18 05:38:55.550985,59628.23536517343,30.0,221.81578503376,-45.2479120743025,1.51276455712867,352.466774491257,125.663579483022,41.3135468050023,221.815487083333,-45.2478688333333,30.0,-94.1500015258789,,SDSSg,41.3135468050023,41.4102654739399,125.663579483022,125.655257929553,221.81093667990174,-45.24174713879693,0.2909012314961459,-0.3698961303346764,0.5089743380425652,-0.1819321721724523,0.42281593084247004
2022021700448,2022-02-18 05:42:12.063764,59628.237639626896,30.0,220.948353166929,-44.7793015451635,1.47905628971557,353.080109712922,124.94316764592101,42.4782924934407,220.948180833333,-44.7792708333333,30.0,-94.1500015258789,,SDSSg,42.4782924934407,42.5758314713021,124.943167645921,124.936303426017,220.94375532341263,-44.773129250471115,0.27587061097894444,-0.37033768154369595,0.5152734122085165,-0.17767611536506456,0.4189266521129838
2022021700449,2022-02-18 05:42:44.989154,59628.2380207078,30.0,220.9483535612,-44.7792982762415,1.47632573856734,353.080340264895,124.936303426017,42.5758314713021,220.948180833333,-44.7792708333333,30.0,-94.1500015258789,,SDSSg,42.5758314713021,42.6732922180672,124.936303426017,124.929659594287,220.94380964090024,-44.773116551317415,0.272635217983814,-0.3709034954442752,0.5163119071833134,-0.175968406064902,0.41835954341526604
2022021700454,2022-02-18 05:46:00.802901,59628.240287070614,30.0,221.080659205631,-44.7792946828632,1.46294430116622,353.834844012533,124.904952872981,43.0615446551819,221.080485,-44.7792708333333,30.0,-94.1500015258789,,SDSSg,43.0615446551819,43.1561457201024,124.904952872981,124.899487872113,221.0761538121049,-44.77306300008639,0.2703236115653117,-0.3739009666083055,0.5224480166431847,-0.1772777878403511,0.42026755531710325
2022021700455,2022-02-18 05:46:33.651543,59628.24066726323,30.0,221.08069871248,-44.7792903917337,1.4603125269886,353.835084648317,124.899487872113,43.1561457201024,221.080485,-44.7792708333333,30.0,-94.1500015258789,,SDSSg,43.1561457201024,43.2537839396973,124.899487872113,124.894095737938,221.07615871535896,-44.773035980760376,0.27239982726306494,-0.37526465840003725,0.5248313860360448,-0.17931921614125307,0.4221543278769456
2022021700460,2022-02-18 05:49:50.794094,59628.24294900571,30.0,221.949070382593,-45.2478819828,1.46074147199954,354.16944414943,125.540449995984,43.1431571229332,221.94887,-45.2478688333333,30.0,-94.1500015258789,,SDSSg,43.1431571229332,43.2370536609524,125.540449995984,125.536173660745,221.944389764325,-45.24176625518648,0.28083709607728957,-0.3669436568113613,0.5116714096661659,-0.1866608372309327,0.4168277584864468
2022021700461,2022-02-18 05:50:23.821092,59628.24333126264,30.0,221.949056043202,-45.2479001688966,1.45810591291148,354.169530591009,125.53603865622398,43.2399911268585,221.94887,-45.2478688333333,30.0,-94.1500015258789,,SDSSg,43.2399911268585,43.3338532432099,125.536038656224,125.531924147595,221.94438086069928,-45.241734969360934,0.28051095016248223,-0.3699119721392677,0.5161317091953628,-0.18696716285234383,0.4193350101103742
2022021700466,2022-02-18 05:53:40.922888,59628.24561253343,30.0,221.212981704197,-44.7792667032075,1.4296093367674,355.083604426838,124.84819285987798,44.3285263165017,221.212789583333,-44.7792708333333,30.0,-94.1500015258789,,SDSSg,44.3285263165017,44.426151125037,124.848192859878,124.845385481109,221.20847652798204,-44.77305920599187,0.27031057289513505,-0.37244983293787487,0.5261894833089341,-0.18540776098943118,0.4189728289825242
2022021700467,2022-02-18 05:54:13.963045,59628.245994942656,30.0,221.213031940488,-44.7792828546159,1.42711281724593,355.083765631173,124.845385481109,44.426151125037,221.212789583333,-44.7792708333333,30.0,-94.1500015258789,,SDSSg,44.426151125037,44.5238130374928,124.845385481109,124.842778373946,221.20857007145977,-44.77298499263282,0.26771214169217905,-0.37787171898510336,0.5342028289510629,-0.1841052932048903,0.42296803262854965
2022021700472,2022-02-18 05:57:30.082347,59628.24826484198,30.0,221.345306287045,-44.7792795046981,1.41495724307237,355.475119638644,124.834370095719,44.9123994096299,221.34509375,-44.7792708333333,30.0,-94.1500015258789,,SDSSg,44.9123994096299,45.010111836993,124.834370095719,124.832886834134,221.34076777758403,-44.77295639306549,0.2723105676553823,-0.37938669795554114,0.5387107464737466,-0.1905298819550589,0.4257940083735682
2022021700473,2022-02-18 05:58:02.912956,59628.248644825886,30.0,221.345253516872,-44.7792783748391,1.41256471745652,355.475193674817,124.832886834134,45.010111836993,221.34509375,-44.7792708333333,30.0,-94.1500015258789,,SDSSg,45.010111836993,45.1077764316433,124.832886834134,124.831623066653,221.34083768845053,-44.772975259406465,0.2649497052868156,-0.37818692595916364,0.5374334151733943,-0.18594922494694402,0.4223728316127308
2022021700478,2022-02-18 06:01:20.080498,59628.25092685761,30.0,221.74417966616,-45.3415584017807,1.40527540818636,356.670802850939,125.62747024415901,45.3091906591289,221.743970416667,-45.3415856944444,30.0,-94.1500015258789,,SDSSg,45.3091906591289,45.4058614953392,125.627470244159,125.628298152675,221.73945854950802,-45.33543661021374,0.28326699911840114,-0.36730749401740687,0.5205360721648525,-0.20260742196171214,0.41780480096398076
2022021700479,2022-02-18 06:01:52.916718,59628.251306906466,30.0,221.74425356423,-45.3415598335897,1.40295806064324,356.670744203697,125.628298152675,45.4058614953392,221.743970416667,-45.3415856944444,30.0,-94.1500015258789,,SDSSg,45.4058614953392,45.5026503487461,125.628298152675,125.629370589246,221.73946377620928,-45.33542122562894,0.2873872812432763,-0.36831647764589087,0.5223208560390982,-0.20614254696016573,0.42007717381616916
2022021700484,2022-02-18 06:05:09.542195,59628.25358266429,30.0,221.477598208459,-44.7792489257002,1.38472463678553,356.759250261701,124.833007086505,46.1772049053689,221.477397916667,-44.7792708333333,30.0,-94.1500015258789,,SDSSg,46.1772049053689,46.2747805400722,124.833007086505,124.834601212729,221.473104740824,-44.77295620037278,0.26960805810004285,-0.3775635196453689,0.5422279307293741,-0.1969321488275871,0.42329955012680043
2022021700485,2022-02-18 06:05:42.333068,59628.25396218829,30.0,221.477744128587,-44.7792547685095,1.38248735099153,356.759225426531,124.834601212729,46.2747805400722,221.477397916667,-44.7792708333333,30.0,-94.1500015258789,,SDSSg,46.2747805400722,46.3725278361671,124.834601212729,124.836454172124,221.4731402848743,-44.77297397780559,0.27623062276317795,-0.3768474422343506,0.5415515835540438,-0.20226079622376647,0.42481034417551694
2022021700490,2022-02-18 06:08:59.270935,59628.25624156175,30.0,221.877753309737,-45.3415505020085,1.37597792913517,357.995431500355,125.65673090933701,46.5605484529369,221.877550833333,-45.3415856944444,30.0,-94.1500015258789,,SDSSg,46.5605484529369,46.6572630985611,125.656730909337,125.660785515298,221.87307632052878,-45.335393896172505,0.280619352488624,-0.36939635015940786,0.5287882672893465,-0.2090264582580367,0.4187625688344799
2022021700491,2022-02-18 06:09:32.238453,59628.25662313025,30.0,221.877716726162,-45.341572804723,1.37378982419673,357.995393297035,125.66078551529799,46.6572630985611,221.877550833333,-45.3415856944444,30.0,-94.1500015258789,,SDSSg,46.6572630985611,46.7539133711689,125.660785515298,125.665030111064,221.87309575234474,-45.33539507911279,0.277258429034619,-0.3706635366133166,0.5311617422437591,-0.20734991528596888,0.41877613475114656
2022021700496,2022-02-18 06:12:48.646692,59628.25889637374,30.0,222.011210070099,-45.3415592446095,1.3630616300704,358.405692048868,125.68430267690601,47.1377231760853,222.011131666667,-45.3415856944444,30.0,-94.1500015258789,,SDSSg,47.1377231760853,47.2342567726009,125.684302676906,125.689878542413,222.0066388433552,-45.33536335792312,0.27427360462569306,-0.3717532011824625,0.5349804466876483,-0.20851924223306337,0.4187709134572494
2022021700497,2022-02-18 06:13:21.495107,59628.25927656374,30.0,222.011385667196,-45.3415679367483,1.36095398260542,358.40564223989,125.68987854241301,47.2342567726009,222.011131666667,-45.3415856944444,30.0,-94.1500015258789,,SDSSg,47.2342567726009,47.3309141977661,125.689878542413,125.695711899985,222.00666216364735,-45.33534093069281,0.28341021291882923,-0.3736203633292553,0.537735528585993,-0.21566421906196723,0.423412790739873
2022021700502,2022-02-18 06:16:38.576433,59628.26155759761,30.0,221.609855443559,-44.7792402883565,1.34194442012309,359.010312193371,124.91224043487499,48.1221698804729,221.6097025,-44.7792708333333,30.0,-94.1500015258789,,SDSSg,48.1221698804729,48.2196301802032,124.912240434875,124.919000495662,221.60551359929102,-44.77287507639408,0.2605106560769985,-0.3819127177448642,0.558866093792278,-0.20366322385636268,0.4243294447325363
2022021700503,2022-02-18 06:17:11.569298,59628.261939459466,30.0,221.610035243723,-44.7792542927497,1.33989571134709,359.010275136976,124.91900049566199,48.2196301802032,221.6097025,-44.7792708333333,30.0,-94.1500015258789,,SDSSg,48.2196301802032,48.3173426075809,124.919000495662,124.926006425609,221.60550425422596,-44.77286384675509,0.27185936981828884,-0.3834267596758028,0.5610357324509164,-0.21245143327229213,0.4292536586045449
2022021700508,2022-02-18 06:20:33.266684,59628.26427391995,30.0,221.742203294468,-44.779234574619,1.32957808577158,359.430654801537,124.95792381881601,48.7231889947288,221.742006666667,-44.7792708333333,30.0,-94.1500015258789,,SDSSg,48.7231889947288,48.8207011505001,124.957923818816,124.966391105641,221.73781385498998,-44.77291554514996,0.26336636867871416,-0.379141768142417,0.5576813861392171,-0.20962784475388638,0.422729797130846
2022021700509,2022-02-18 06:21:06.337251,59628.264656681145,30.0,221.742235153113,-44.7792370559074,1.32758858955977,359.430594604489,124.966391105641,48.8207011505001,221.742006666667,-44.7792708333333,30.0,-94.1500015258789,,SDSSg,48.8207011505001,48.9182812555664,124.966391105641,124.975144941796,221.73775901519616,-44.77291212515068,0.2685682750067066,-0.3794958454032048,0.5583778427531877,-0.2140021145943264,0.42469218221498084
2022021700514,2022-02-18 06:24:26.518910,59628.2669735985,30.0,221.620959295141,-45.4352493993081,1.31515904391772,359.999207489298,126.03823535559098,49.4457175417774,221.620817916667,-45.4353017222222,30.0,-94.1500015258789,,SDSSg,49.4457175417774,49.5419011100166,126.038235355591,126.050848890518,221.61638329700855,-45.42900860426111,0.2745598879474289,-0.37444770281915607,0.5486396053689201,-0.22507811101289923,0.42111058456219586
2022021700515,2022-02-18 06:24:59.315295,59628.26735318629,30.0,221.621023351054,-45.4352549343904,1.31328890886211,359.999234006096,126.050848890518,49.5419011100166,221.620817916667,-45.4353017222222,30.0,-94.1500015258789,,SDSSg,49.5419011100166,49.6381526275509,126.050848890518,126.063765068044,221.61638976078683,-45.42898763909166,0.2780154160294743,-0.37603771792531715,0.5511696911727324,-0.2283047559531905,0.42363632651104227
2022021700520,2022-02-18 06:28:15.217848,59628.26962057694,30.0,220.743723773621,-44.8729155888888,1.28983093235101,359.999125175316,125.351001102914,50.7841143592232,220.743467083333,-44.87299225,30.0,-94.1500015258789,,SDSSg,50.7841143592232,50.8811750098102,125.351001102914,125.366223533143,220.73918933794326,-44.86651491392462,0.27206614066428997,-0.38404049785232297,0.5745011965108268,-0.23098761706775484,0.4297271338629594
2022021700521,2022-02-18 06:28:48.016922,59628.27000019586,30.0,220.743728102586,-44.8729396488761,1.28806905237285,359.999213585404,125.36622353314301,50.8811750098102,220.743467083333,-44.87299225,30.0,-94.1500015258789,,SDSSg,50.8811750098102,50.9782593532436,125.366223533143,125.381733853807,220.73904921537246,-44.866536128593125,0.280733232810807,-0.3842112169786986,0.5742513316246356,-0.2378027635308739,0.43266963126928837
2022021700526,2022-02-18 06:32:04.436731,59628.27227357328,30.0,220.876116616512,-44.8729285786777,1.27934839854389,359.999103146122,125.44637956141399,51.3640906496876,220.87596625,-44.87299225,30.0,-94.1500015258789,,SDSSg,51.3640906496876,51.4610051198833,125.446379561414,125.4635430169,220.87158444444214,-44.8665574597484,0.2719303241908156,-0.38226713575870336,0.5746629858930499,-0.2348486113216118,0.42809966478524386
2022021700527,2022-02-18 06:32:37.342518,59628.27265442729,30.0,220.876168357746,-44.8729353172128,1.27763863956692,359.999120321234,125.46354301690002,51.4610051198833,220.87596625,-44.87299225,30.0,-94.1500015258789,,SDSSg,51.4610051198833,51.5579267426365,125.4635430169,125.481028784503,220.87153227546113,-44.86656658692136,0.2781649370896757,-0.38212381748697727,0.5741018670892519,-0.23991314134420358,0.4299795036108648
2022021700532,2022-02-18 06:35:52.221214,59628.27490996775,30.0,221.008640528925,-44.8729147491926,1.26926043700762,359.999033078997,125.553108234395,51.9403252585762,221.008465416667,-44.87299225,30.0,-94.1500015258789,,SDSSg,51.9403252585762,52.0371163471573,125.553108234395,125.572312850942,221.00402338350733,-44.866508635317814,0.2770287250570938,-0.38436683248712344,0.5802180052340852,-0.24283414928803115,0.4316072673852625
2022021700533,2022-02-18 06:36:25.029419,59628.27528969235,30.0,221.008685012966,-44.8729215859422,1.26759831324095,359.999053313754,125.572312850942,52.0371163471573,221.008465416667,-44.87299225,30.0,-94.1500015258789,,SDSSg,52.0371163471573,52.133924870097,125.572312850942,125.591871519078,221.00400672378095,-44.86651378990041,0.2806973511007348,-0.38446776250715214,0.5803195420199804,-0.24612455993672974,0.43288580527914
2022021700536,2022-02-18 06:42:35.314449,59628.279575398716,30.0,221.754896394706,-45.4351857881577,1.25939491996031,359.998917339907,126.601748247136,52.5185536428326,221.754646666667,-45.4353017222222,30.0,-94.1500015258789,,SDSSg,52.5185536428326,52.6141323729389,126.601748247136,126.625174213637,221.74949507507955,-45.42821311569438,0.32407917758797755,-0.41836034779917897,0.6247576783993041,-0.287976795788897,0.47618035510927065
2022021700537,2022-02-18 06:43:08.354103,59628.27995780211,30.0,221.754804955735,-45.4352102315209,1.25776481166859,359.998975585765,126.62588008162902,52.6170448048942,221.754646666667,-45.4353017222222,30.0,-94.1500015258789,,SDSSg,52.6170448048942,52.7095720752113,126.625880081629,126.648891199802,221.74947602266707,-45.42819045757438,0.3197359840756037,-0.4211864367900342,0.6305318303846098,-0.286175145640675,0.4772246048803139
2022021700542,2022-02-18 06:46:23.490381,59628.28221632386,30.0,221.141228027617,-44.8729063621621,1.24018841134416,359.998944318421,125.957072157849,53.694977222287,221.140964166667,-44.87299225,30.0,-94.1500015258789,,SDSSg,53.694977222287,53.7913387104054,125.957072157849,125.983029235591,221.13587467995387,-44.86579901769763,0.32120085978570106,-0.4264406678678266,0.6505102547242039,-0.2934338791661458,0.4833962030745533
2022021700543,2022-02-18 06:46:56.297000,59628.2825960301,30.0,221.141187644222,-44.872903832989,1.23867200170106,359.998981038088,125.983029235591,53.7913387104054,221.140964166667,-44.87299225,30.0,-94.1500015258789,,SDSSg,53.7913387104054,53.8876130267017,125.983029235591,126.009380151023,221.13595421323598,-44.86580167833328,0.31400585915867163,-0.4261292793436752,0.6518642196443755,-0.28914409705140154,0.48073987859422
2022021700548,2022-02-18 06:50:14.429416,59628.284889229355,30.0,221.888669727499,-45.4352099042976,1.23927969592399,359.998912801801,126.933185685848,53.7522061749332,221.888475833333,-45.4353017222222,30.0,-94.1500015258789,,SDSSg,53.7522061749332,53.8473119421833,126.933185685848,126.961553175439,221.88319735399728,-45.42817019442134,0.3283424101022866,-0.42238259257550714,0.6354447163744587,-0.3017537125059178,0.4811436153221292
2022021700549,2022-02-18 06:50:47.275178,59628.28526938864,30.0,221.888697088659,-45.4352081563708,1.23778862217365,359.998869492608,126.96155317543898,53.8473119421833,221.888475833333,-45.4353017222222,30.0,-94.1500015258789,,SDSSg,53.8473119421833,53.9423756881588,126.961553175439,126.990309585308,221.88319644393115,-45.42815463299238,0.33003868366885697,-0.4232114027049121,0.6368220505244745,-0.30386551893497316,0.4824417219026516
2022021700554,2022-02-18 06:54:03.311167,59628.2875383237,30.0,221.273767145251,-44.8728920691134,1.22100534093282,359.998882633895,126.32515706538099,54.9424878342979,221.273463333333,-44.87299225,30.0,-94.1500015258789,,SDSSg,54.9424878342979,55.0384684487217,126.325157065381,126.35649778365,221.26832651874415,-44.86570587075773,0.326437590408923,-0.43117190133998445,0.6632149765673776,-0.30838138859000985,0.48931895708643564
2022021700555,2022-02-18 06:54:36.120265,59628.28791805863,30.0,221.273626760871,-44.8728830804307,1.21958818706845,359.998882423373,126.35649778364998,55.0384684487217,221.273463333333,-44.87299225,30.0,-94.1500015258789,,SDSSg,55.0384684487217,55.13424610933,126.35649778365,126.388262737979,221.2682707898278,-44.86573609907765,0.32135826259016304,-0.4288188811816887,0.6607960328770142,-0.3052146286656524,0.4855478940335657
2022021700560,2022-02-18 06:57:54.497228,59628.290214088294,30.0,222.022571474587,-45.4352143659129,1.22040238081931,359.998788380101,127.333127636899,54.9827942832344,222.022305,-45.4353017222222,30.0,-94.1500015258789,,SDSSg,54.9827942832344,55.0774695559376,127.333127636899,127.366949845542,222.0169484093071,-45.42808555308223,0.33738391679477225,-0.42772876984015384,0.6466608600965223,-0.3194584920511468,0.4888847916916386
2022021700561,2022-02-18 06:58:27.344874,59628.29059426937,30.0,222.022503814143,-45.4351799286512,1.219006487591,359.998790005314,127.366949845542,55.0774695559376,222.022305,-45.4353017222222,30.0,-94.1500015258789,,SDSSg,55.0774695559376,55.1720192118519,127.366949845542,127.401268262838,222.01694667398996,-45.42807025381111,0.3334284091807998,-0.42658049040513335,0.6459955046097846,-0.31731898843617995,0.4865395047074488
2022021700566,2022-02-18 07:01:43.220804,59628.292861351896,30.0,221.406182044133,-44.8728853986633,1.20306645047018,359.998874466653,126.766021032323,56.1836688800686,221.4059625,-44.87299225,30.0,-94.1500015258789,,SDSSg,56.1836688800686,56.2789521201485,126.766021032323,126.803205389951,221.40078815003943,-44.86569139221948,0.323633645612367,-0.43164038662964693,0.6700381404564567,-0.31725933174730503,0.48879621114180416
2022021700567,2022-02-18 07:02:16.044810,59628.29324125938,30.0,221.406258355918,-44.8728790324473,1.20173082899632,359.998843518148,126.80320538995102,56.2789521201485,221.4059625,-44.87299225,30.0,-94.1500015258789,,SDSSg,56.2789521201485,56.3742389364925,126.803205389951,126.840889532556,221.4007323432357,-44.86565026680539,0.33156076093736725,-0.433725938514381,0.6718793407521444,-0.3240283584341406,0.49329027719641944
2022021700572,2022-02-18 07:05:33.359464,59628.2955249938,30.0,221.549008212404,-45.5288790193328,1.19734332711197,359.998723136305,128.152008284305,56.5951385184162,221.54877125,-45.5290166944445,30.0,-94.1500015258789,,SDSSg,56.5951385184162,56.6887029095524,128.152008284305,128.194360364665,221.54335694696653,-45.521824998324284,0.33907592624816785,-0.4232412605109548,0.640887189356111,-0.334309641079263,0.4853506654832972
2022021700573,2022-02-18 07:06:06.214907,59628.29590526513,30.0,221.549026802152,-45.5288813590848,1.19606646785996,359.998747480943,128.194360364665,56.6887029095524,221.54877125,-45.5290166944445,30.0,-94.1500015258789,,SDSSg,56.6887029095524,56.7822337730759,128.194360364665,128.237226088037,221.54330044077568,-45.52184633642975,0.3435816825808922,-0.42210135930236337,0.6376006238579507,-0.3379064660685283,0.48591293440015276
2022021700578,2022-02-18 07:09:20.504183,59628.29815398359,30.0,221.683025336597,-45.5288706782699,1.18985839019781,359.998601156102,128.409136016358,57.1469940825336,221.682799583333,-45.5290166944445,30.0,-94.1500015258789,,SDSSg,57.1469940825336,57.2402021869057,128.409136016358,128.454558331941,221.6772102601222,-45.52176936014506,0.3489045884879778,-0.4260790874901291,0.64350227488635,-0.34658847644342544,0.49121739301144896
2022021700579,2022-02-18 07:09:53.531563,59628.29853624494,30.0,221.683068701753,-45.5289014527104,1.18861449918941,359.998712754126,128.454558331941,57.2402021869057,221.682799583333,-45.5290166944445,30.0,-94.1500015258789,,SDSSg,57.2402021869057,57.3334111853474,128.454558331941,128.500416059469,221.67720147496524,-45.52174071501203,0.35203360726284905,-0.42964426190230776,0.6489059457079929,-0.3504714140891702,0.4954006907991099
2022021700589,2022-02-18 07:19:52.354861,59628.30546707015,30.0,221.817042902949,-45.528847070299,1.16821844926186,359.998682922964,129.321027178739,58.8344625218742,221.816827916667,-45.5290166944445,30.0,-94.1500015258789,,SDSSg,58.8344625218742,58.9264645262592,129.321027178739,129.376621772026,221.8053017158544,-45.51998534453456,0.7044712256738929,-0.531703545866192,0.6927346836176137,-0.6312719524119333,0.7254697941020987
2022021700590,2022-02-18 07:20:25.155161,59628.30584670325,30.0,221.817117628963,-45.5288587359109,1.16709607547606,359.998718770624,129.376621772026,58.92646452625921,221.816827916667,-45.5290166944445,30.0,-94.1500015258789,,SDSSg,58.9264645262592,59.0184839650028,129.376621772026,129.43282254455,221.80520421092186,-45.51996212091198,0.7148050824673035,-0.5337968999345017,0.691026609832373,-0.6397138996055622,0.7319398947622704
2022021700591,2022-02-18 07:21:12.274029,59628.30639206052,30.0,221.538706072863,-44.8727386477519,1.16087852364464,359.998753680647,128.349220831369,59.440307377182805,221.538461666667,-44.87299225,30.0,-94.1500015258789,,SDSSg,59.4403073771828,59.5335977359646,128.349220831369,128.405339796533,221.52717043412966,-44.86390833392693,0.6921383239967075,-0.5298188294990784,0.7121133506077486,-0.6253136165779823,0.7220364779582974
2022021700592,2022-02-18 07:21:45.167722,59628.306772774566,30.0,221.538721948276,-44.8728136409104,1.15977306248889,359.998790379516,128.405339796533,59.5335977359646,221.538461666667,-44.87299225,30.0,-94.1500015258789,,SDSSg,59.5335977359646,59.6268027110928,128.405339796533,128.4619800043,221.5271036048905,-44.86393333097066,0.6971006031264886,-0.5328185963844245,0.7145143331567348,-0.6304831646950377,0.7266269020773559
2022021700599,2022-02-18 07:26:15.331845,59628.30989967413,30.0,221.671279114455,-44.8728360972703,1.15192776565287,359.99865434014,128.82797457694,60.205140171849095,221.670960416667,-44.87299225,30.0,-94.1500015258789,,SDSSg,60.2051401718491,60.2978551967972,128.82797457694,128.889202256178,221.6596484401624,-44.863918450216474,0.697840457552119,-0.5350588232286603,0.7090603913284811,-0.6383607093089745,0.7286270018817149
2022021700600,2022-02-18 07:26:48.137952,59628.31027937444,30.0,221.671265828048,-44.8728177634454,1.15087265587898,359.998750138017,128.889202256178,60.297855196797194,221.670960416667,-44.87299225,30.0,-94.1500015258789,,SDSSg,60.2978551967972,60.3904454990115,128.889202256178,128.951114792799,221.65962071744585,-44.86390609995402,0.6987066361259792,-0.5346998094834025,0.7065786780424149,-0.6397492784058193,0.728780480665702
2022021700605,2022-02-18 07:30:04.486511,59628.312551927214,30.0,221.803718763354,-44.8728270854173,1.14565996893038,359.99875359121,129.203762341713,60.7581012531155,221.803459583333,-44.87299225,30.0,-94.1500015258789,,SDSSg,60.7581012531155,60.8503312452667,129.203762341713,129.269031215896,221.7920640834302,-44.86396564842283,0.6992807954273732,-0.5316862196683603,0.6930084572529208,-0.6437389998050057,0.7268495187687158
2022021700606,2022-02-18 07:30:37.500489,59628.31293403344,30.0,221.8036987354,-44.872797403076,1.14463164523118,359.998732746397,129.269031215896,60.850331245266695,221.803459583333,-44.87299225,30.0,-94.1500015258789,,SDSSg,60.8503312452667,60.9423725887173,129.269031215896,129.335056920041,221.79211554765433,-44.86391665904879,0.6949912647373849,-0.532844641632345,0.6957547602692181,-0.6421736181484131,0.7256304891682458
2022021700611,2022-02-18 07:33:55.958155,59628.31523099716,30.0,220.752546298649,-44.9665150153129,1.13154364692848,359.998723531796,130.422824103807,62.066384909951005,220.7522125,-44.9667128333333,30.0,-94.1500015258789,,SDSSg,62.066384909951,62.1542290433281,130.422824103807,130.497044403528,220.74076118073475,-44.95757505995129,0.7071070748528455,-0.5363973216968924,0.6671663455158675,-0.6640521042962417,0.7335213095865019
2022021700612,2022-02-18 07:34:28.996184,59628.31561338177,30.0,220.752520357371,-44.9665296866064,1.13059858632364,359.998756382107,130.499381054615,62.1569747312897,220.7522125,-44.9667128333333,30.0,-94.1500015258789,,SDSSg,62.1569747312897,62.2474550290935,130.499381054615,130.576630462383,220.74063492984956,-44.95759457123337,0.7131256512842911,-0.5361069223821944,0.6610071544057996,-0.668793394532689,0.7362210655506229
2022021700617,2022-02-18 07:37:45.505683,59628.31788779725,30.0,221.951203586815,-45.5288261072883,1.13541447178368,359.998679058957,131.3884287369,61.6980000420444,221.95085625,-45.5290166944445,30.0,-94.1500015258789,,SDSSg,61.6980000420444,61.7873068734043,131.3884287369,131.465506483291,221.9392802483893,-45.519929574349824,0.7154003055401487,-0.5337919763091415,0.6364363308180061,-0.6675525628048492,0.7322218916612647
2022021700618,2022-02-18 07:38:18.321437,59628.318267609226,30.0,221.951142536911,-45.5288068555398,1.13447263982107,359.998726942985,131.465506483291,61.787306873404304,221.95085625,-45.5290166944445,30.0,-94.1500015258789,,SDSSg,61.7873068734043,61.8764053865307,131.465506483291,131.543335695242,221.93934389745948,-45.5199296977564,0.7079183670881899,-0.5326294670031401,0.6361760781053697,-0.6631405664461106,0.7277926375616325
2022021700623,2022-02-18 07:41:36.218530,59628.32055808484,30.0,221.42519613733,-45.6224970008093,1.12584593767981,359.998686503794,132.451402921666,62.6193222983711,221.424841666667,-45.6227308611111,30.0,-94.1500015258789,,SDSSg,62.6193222983711,62.7071025057667,132.451402921666,132.537563521852,221.41348566981037,-45.61361709233467,0.7026280511758545,-0.5327945084775895,0.6113193770096821,-0.6684291851452592,0.7248365546122693
2022021700624,2022-02-18 07:42:09.236477,59628.320940237005,30.0,221.425168586849,-45.6225342560121,1.12495716335175,359.998693338551,132.537563521852,62.7071025057667,221.424841666667,-45.6227308611111,30.0,-94.1500015258789,,SDSSg,62.7071025057667,62.7947655900352,132.537563521852,132.624432225217,221.41353572962953,-45.61358559985534,0.6979714331684438,-0.536919369406208,0.6198106175153008,-0.6680579170584258,0.7256788186415821
2022021700629,2022-02-18 07:45:44.108865,59628.32342718594,30.0,221.559506105029,-45.6225029236914,1.12012952827395,359.998723782103,133.029301394214,63.1911938472622,221.559119583333,-45.6227308611111,30.0,-94.1500015258789,,SDSSg,63.1911938472622,63.278153745734,133.029301394214,133.121053506111,221.54774739415262,-45.61355778742649,0.7055226525804691,-0.5367081758947273,0.5988263704509107,-0.6775241507998064,0.7290870953980092
2022021700630,2022-02-18 07:46:16.909929,59628.32380682787,30.0,221.559487864513,-45.6225284403885,1.1192785850365,359.998659542989,133.121053506111,63.278153745734,221.559119583333,-45.6227308611111,30.0,-94.1500015258789,,SDSSg,63.278153745734,63.362387625777,133.121053506111,133.210763562893,221.5477482937727,-45.61356733732924,0.7043742444173323,-0.5376661835547973,0.5985551387378049,-0.6780663530966263,0.7292496108564361
2022021700635,2022-02-18 07:50:05.948783,59628.32645774054,30.0,221.693793364498,-45.6225330673231,1.11428273174985,359.998767570484,133.686130572532,63.7940815671172,221.693397916667,-45.6227308611111,30.0,-94.1500015258789,,SDSSg,63.7940815671172,63.8775210662716,133.686130572532,133.781064231371,221.68217145831943,-45.61353871592047,0.6973143707113801,-0.5396610841583929,0.5888648842019373,-0.6796114194985953,0.7274016236666898
2022021700636,2022-02-18 07:50:38.752347,59628.32683741142,30.0,221.693785231476,-45.622487031982,1.11346844635378,359.998735235044,133.781064231371,63.877521066271605,221.693397916667,-45.6227308611111,30.0,-94.1500015258789,,SDSSg,63.8775210662716,63.963391540834,133.781064231371,133.880043555488,221.6821120765028,-45.61356290661238,0.7003892983881835,-0.5354475221773649,0.5748196272208144,-0.680439553795371,0.7257311771975234
2022021700641,2022-02-18 07:54:29.382644,59628.32950674357,30.0,220.885405068227,-44.966477909432,1.10056882934054,359.998837652936,133.767538745378,65.2866151018825,220.884955833333,-44.9667128333333,30.0,-94.1500015258789,,SDSSg,65.2866151018825,65.3725924177852,133.767538745378,133.877507973884,220.87386218448722,-44.957364463086485,0.6925730243852148,-0.5468067807302822,0.593158610895939,-0.6913880359728878,0.7342650275022695
2022021700642,2022-02-18 07:55:02.191770,59628.32988647882,30.0,220.88528889083,-44.9664635027501,1.09981790829158,359.99883455215,133.877507973884,65.3725924177852,220.884955833333,-44.9667128333333,30.0,-94.1500015258789,,SDSSg,65.3725924177852,65.4582532330387,133.877507973884,133.988410611128,220.87380931246472,-44.957366777896766,0.6887747019158441,-0.5458034912001184,0.5903156350386698,-0.6893987069923394,0.7317254178879701
2022021700647,2022-02-18 07:58:52.734814,59628.33255480109,30.0,221.828135951035,-45.6224872062914,1.10252212273953,359.998722025575,135.253398050045,65.0658107384079,221.82767625,-45.6227308611111,30.0,-94.1500015258789,,SDSSg,65.0658107384079,65.1496136768692,135.253398050045,135.366308767771,221.81639661066825,-45.61331015872168,0.7043604220025044,-0.5506228541835896,0.5505044081461546,-0.7016640054156671,0.7388486740143207
2022021700648,2022-02-18 07:59:25.555256,59628.33293466731,30.0,221.828013289228,-45.6224821797505,1.10178143889985,359.998868455605,135.366308767771,65.1496136768692,221.82767625,-45.6227308611111,30.0,-94.1500015258789,,SDSSg,65.1496136768692,65.2331242545479,135.366308767771,135.480136800979,221.8163353374354,-45.6132835838138,0.7006771075548202,-0.551915756201461,0.5520921180347542,-0.7008951213550147,0.738099710218271
2022021700653,2022-02-18 08:03:16.022380,59628.33560211088,30.0,221.018146385808,-44.9664655258844,1.08974506339304,359.998852035323,135.53284667847,66.5580827577796,221.017699166667,-44.9667128333333,30.0,-94.1500015258789,,SDSSg,66.5580827577796,66.641407816016,135.53284667847,135.65974153993,221.00653588948882,-44.95708732416168,0.6966297791490155,-0.5626921033635479,0.55847234355571,-0.7144996062074223,0.7480592739347391
2022021700654,2022-02-18 08:03:48.850415,59628.33598206499,30.0,221.018133965563,-44.9664463074352,1.08906556793884,359.998821828864,135.65974153993,66.641407816016,221.017699166667,-44.9667128333333,30.0,-94.1500015258789,,SDSSg,66.641407816016,66.7220046206348,135.65974153993,135.783956874584,221.00646761496077,-44.95706392502982,0.6999810361309571,-0.5629429443230409,0.5509349008760783,-0.717472196710727,0.7498123353112267
2022021700659,2022-02-18 08:07:38.077148,59628.33863515218,30.0,221.150959858039,-44.966465314625,1.08507044036262,359.998812886411,136.443285871719,67.1352038367622,221.1504425,-44.9667128333333,30.0,-94.1500015258789,,SDSSg,67.1352038367622,67.217235623204,136.443285871719,136.578922052358,221.1392134424945,-44.95706425701301,0.7047849326663055,-0.5640634567183908,0.5170674275572319,-0.72574348630034,0.7529010284548842
2022021700660,2022-02-18 08:08:10.904332,59628.33901509644,30.0,221.150834812144,-44.9664330687451,1.08442326871136,359.99885751617,136.578922052358,67.217235623204,221.1504425,-44.9667128333333,30.0,-94.1500015258789,,SDSSg,67.217235623204,67.296448855006,136.578922052358,136.711560417389,221.13924460618585,-44.95702819064571,0.6954123574885785,-0.5642926859626348,0.521421367305379,-0.7211036566363188,0.7486978124614506
2022021700665,2022-02-18 08:12:00.613327,59628.341673765346,30.0,221.283650728853,-44.9664826797087,1.08061350120108,359.998990710203,137.415760983204,67.7025125010696,221.283185833333,-44.9667128333333,30.0,-94.1500015258789,,SDSSg,67.7025125010696,67.7830069347256,137.415760983204,137.560405362819,221.2721153224203,-44.95700036253578,0.6921243859582846,-0.5689390303744939,0.49993696066625803,-0.7264498064583764,0.750686066417559
2022021700666,2022-02-18 08:12:33.594322,59628.34205548985,30.0,221.283636342961,-44.9664302894234,1.0799934478561,359.998783186279,137.560405362819,67.7830069347256,221.283185833333,-44.9667128333333,30.0,-94.1500015258789,,SDSSg,67.7830069347256,67.8631853147381,137.560405362819,137.706579942678,221.27207437770244,-44.95702235265871,0.6937179155123582,-0.5644762058813042,0.4823598533102117,-0.725583187235204,0.7480488818751809
2022021700671,2022-02-18 08:16:24.246612,59628.344725076524,30.0,221.962424965154,-45.6224667145722,1.08167157441708,359.998873190461,139.265173156236,67.5668401106232,221.961954583333,-45.6227308611111,30.0,-94.1500015258789,,SDSSg,67.5668401106232,67.6444435699814,139.265173156236,139.414579797958,221.95111074061793,-45.612889631600815,0.6788534721642606,-0.5746249782834353,0.4646959097215233,-0.724106455385415,0.7454174337785846
2022021700672,2022-02-18 08:16:57.051457,59628.34510476224,30.0,221.962410183428,-45.6224324466831,1.08107265092317,359.998854914872,139.414579797958,67.6444435699814,221.961954583333,-45.6227308611111,30.0,-94.1500015258789,,SDSSg,67.6444435699814,67.7217390223377,139.414579797958,139.565370459532,221.95115944719035,-45.61287879349591,0.675044174256133,-0.5732191912320673,0.4595528878892747,-0.721858829650156,0.7426375972663287
2022021700677,2022-02-18 08:20:47.713854,59628.3477744659,30.0,221.352837184591,-45.7161834384917,1.07496237337307,359.998834792572,141.413054395889,68.4511134608474,221.35226,-45.7164439722222,30.0,-94.1500015258789,,SDSSg,68.4511134608474,68.5252993388858,141.413054395889,141.579606611689,221.34178140142086,-45.70642402772187,0.6633469902083572,-0.5855646461892544,0.4132752036839158,-0.7310697362080132,0.7466179377350319
2022021700678,2022-02-18 08:21:20.519314,59628.348154158724,30.0,221.352780527642,-45.7161318814528,1.07441922615318,359.998905953225,141.579606611689,68.5252993388858,221.35226,-45.7164439722222,30.0,-94.1500015258789,,SDSSg,68.5252993388858,68.5990726037853,141.579606611689,141.747674722646,221.34178256221904,-45.70641379309833,0.6598779253782187,-0.5830853012697723,0.40480995367424105,-0.7282846515730007,0.7431708406639775
2022021700683,2022-02-18 08:25:12.126139,59628.35083479327,30.0,221.416557264366,-44.9664274394294,1.06748868319166,359.998779389175,141.112774391149,69.4944766744011,221.415929166667,-44.9667128333333,30.0,-94.1500015258789,,SDSSg,69.4944766744011,69.5691596551769,141.112774391149,141.291601289486,221.40576362546065,-44.95647999100084,0.6476183343180324,-0.5968469057132596,0.4498619516801343,-0.7358432634907678,0.7524713559973495
2022021700684,2022-02-18 08:25:44.939392,59628.351214576294,30.0,221.416450185638,-44.9663980857392,1.06697450979625,359.99895366827,141.291601289486,69.5691596551769,221.415929166667,-44.9667128333333,30.0,-94.1500015258789,,SDSSg,69.5691596551769,69.6412547512882,141.291601289486,141.466467906197,221.40555787577657,-44.95642551568265,0.653538591684445,-0.5983542033933867,0.43701238709586016,-0.7407236168862273,0.7562220257134078
2022021700689,2022-02-18 08:29:36.412814,59628.353893666834,30.0,221.487435752681,-45.7162240975526,1.06719212196233,359.998974627781,144.077112455343,69.5367397947994,221.48673875,-45.7164439722222,30.0,-94.1500015258789,,SDSSg,69.5367397947994,69.6065818353527,144.077112455343,144.266341854309,221.47638372910112,-45.70618609506348,0.6631214147913106,-0.6022801493463251,0.321151564332562,-0.7513495441503832,0.7597029880138575
2022021700690,2022-02-18 08:30:09.220235,59628.354273382356,30.0,221.487300750765,-45.7161124818596,1.06671297391977,359.998754442379,144.266341854309,69.6065818353527,221.48673875,-45.7164439722222,30.0,-94.1500015258789,,SDSSg,69.6065818353527,69.6759585126274,144.266341854309,144.457229752501,221.47640144519514,-45.70616705203183,0.6539583341909431,-0.5967257896647985,0.3131230579969197,-0.7434242754434721,0.7514019848514878
2022021700695,2022-02-18 08:33:58.802858,59628.35693058863,30.0,221.621851828297,-45.7161310232457,1.06391461894039,359.998754490087,145.427476842378,70.0154573305481,221.621217916667,-45.7164439722222,30.0,-94.1500015258789,,SDSSg,70.0154573305481,70.0828388913505,145.427476842378,145.627993870949,221.61109999952046,-45.70602929625444,0.6451097265908308,-0.6061036194758446,0.28653588590080664,-0.7487679925610317,0.755169180309732
2022021700696,2022-02-18 08:34:31.615743,59628.3573103674,30.0,221.621833957134,-45.7161577153203,1.06346385126014,359.998891655577,145.627993870949,70.0828388913505,221.621217916667,-45.7164439722222,30.0,-94.1500015258789,,SDSSg,70.0828388913505,70.149873106071,145.627993870949,145.830138106307,221.61115954542413,-45.70603073394473,0.6404647025907004,-0.6076188825329176,0.286340097444474,-0.748100818188097,0.7544586404903768
2022021700701,2022-02-18 08:38:21.257014,59628.35996825247,30.0,221.756365206741,-45.7161652348459,1.06084251385575,359.998860771868,146.863301773046,70.4794607146468,221.755696666667,-45.7164439722222,30.0,-94.1500015258789,,SDSSg,70.4794607146468,70.5443612321251,146.863301773046,147.075340677475,221.7458021684648,-45.70588676892375,0.6337822965739045,-0.6167079553294127,0.2510881488583675,-0.7543790078994712,0.759068155635085
2022021700702,2022-02-18 08:38:54.163819,59628.36034911827,30.0,221.75636841732,-45.7161653898934,1.06041787738467,359.998956719277,147.075340677475,70.5443612321251,221.755696666667,-45.7164439722222,30.0,-94.1500015258789,,SDSSg,70.5443612321251,70.6088983102527,147.075340677475,147.288999636148,221.74581474815105,-45.70590650028891,0.6332201501359424,-0.6155333762687616,0.23848846359491388,-0.7536694022121644,0.7578850492309733
2022021700707,2022-02-18 08:42:45.361885,59628.36302502181,30.0,221.54934733626,-44.9664179775525,1.05343393982297,359.998992699256,147.437244434317,71.6523460133758,221.5486725,-44.9667128333333,30.0,-94.1500015258789,,SDSSg,71.6523460133758,71.7162317617622,147.437244434317,147.670639533972,221.53888342809233,-44.95588036248451,0.6278344900601165,-0.6322569040794119,0.2312625936374414,-0.7692420470695713,0.7727251416808109
2022021700708,2022-02-18 08:43:18.167848,59628.36340472046,30.0,221.549349242235,-44.9664195216285,1.05304860312238,359.999026382981,147.670639533972,71.7162317617622,221.5486725,-44.9667128333333,30.0,-94.1500015258789,,SDSSg,71.7162317617622,71.7797250135627,147.670639533972,147.905946601604,221.5388603419546,-44.95588146438805,0.6293340168193575,-0.6322834344259141,0.21573011806050826,-0.7703403957197524,0.7733573180015583
2022021700713,2022-02-18 08:47:08.302014,59628.366068310344,30.0,221.68209627778,-44.966418856946,1.05080113937262,359.999109573712,149.112404663538,72.0912461562839,221.681415833333,-44.9667128333333,30.0,-94.1500015258789,,SDSSg,72.0912461562839,72.1521479471412,149.112404663538,149.359405268391,221.67187800000715,-44.95577332973851,0.6130966663678741,-0.6387316324490043,0.17568213210392022,-0.770175667249287,0.7721250449637943
2022021700714,2022-02-18 08:47:41.145663,59628.36644844517,30.0,221.682086682997,-44.9664377706237,1.05044402137128,359.999207111975,149.359405268391,72.1521479471412,221.681415833333,-44.9667128333333,30.0,-94.1500015258789,,SDSSg,72.1521479471412,72.2125749870029,149.359405268391,149.608109075984,221.67189293126043,-44.95576954738265,0.6116251041924277,-0.6400933944624647,0.16696786451392812,-0.7709131151580888,0.7726681953866662
2022021700719,2022-02-18 08:51:32.288614,59628.369123710814,30.0,221.890894839988,-45.716170400034,1.05211597719661,359.999273305695,152.175853480076,71.8709688468662,221.890175416667,-45.7164439722222,30.0,-94.1500015258789,,SDSSg,71.8709688468662,71.9263189120975,152.175853480076,152.428087074717,221.8811802397699,-45.705430548921264,0.5828760130820414,-0.6443910667643156,0.10039843659864948,-0.7614616587154738,0.7621664489330189
2022021700720,2022-02-18 08:52:05.237473,59628.36950506335,30.0,221.890898846213,-45.7161648402063,1.05178477182326,359.999078686179,152.428087074717,71.9263189120975,221.890175416667,-45.7164439722222,30.0,-94.1500015258789,,SDSSg,71.9263189120975,71.9811352177348,152.428087074717,152.682060975989,221.88117070610065,-45.70540635461407,0.5836884067399096,-0.6455091355330154,0.08655994948340806,-0.7628770044879464,0.7634147498590466
2022021700725,2022-02-18 08:55:56.579016,59628.3721826275,30.0,221.814949210699,-44.9664722314982,1.04581808054494,359.999170065942,153.033601571282,72.9582568093174,221.814159166667,-44.9667128333333,30.0,-94.1500015258789,,SDSSg,72.9582568093174,73.012041805574,153.033601571282,153.310495395635,221.80545050049315,-44.95538812531866,0.5699226123509838,-0.6650463707712669,0.07852320264762383,-0.7773541521107887,0.7777622086605216
2022021700726,2022-02-18 08:56:29.486798,59628.37256350461,30.0,221.81488567131,-44.9664575841068,1.04551881750277,359.999162436108,153.310495395635,73.012041805574,221.814159166667,-44.9667128333333,30.0,-94.1500015258789,,SDSSg,73.012041805574,73.0652836545196,153.310495395635,153.58918451186,221.80545462782527,-44.95536367125829,0.5658626090826226,-0.665634770910449,0.07117196039389996,-0.7764345909982526,0.7767807574852571
2022021700731,2022-02-18 09:00:19.362892,59628.37522410755,30.0,221.947756023695,-44.9665009308638,1.04380400399909,359.999283604094,155.014260042866,73.3238825782028,221.9469025,-44.9667128333333,30.0,-94.1500015258789,,SDSSg,73.3238825782028,73.3739241047733,155.014260042866,155.304905105804,221.93857414378164,-44.95538440960839,0.5509127948022536,-0.6669912753254227,0.0008630464043209973,-0.7724832188933803,0.7725520732556144
2022021700732,2022-02-18 09:00:52.165941,59628.37560377247,30.0,221.947789607225,-44.9664753098129,1.04353513700232,359.999397508148,155.304905105804,73.3739241047733,221.9469025,-44.9667128333333,30.0,-94.1500015258789,,SDSSg,73.3739241047733,73.4234783633437,155.304905105804,155.597665984591,221.93862843391827,-44.955320583655954,0.5496703983995204,-0.669283569417044,-0.010269978453292436,-0.7740155843603865,0.7740900879478639
2022021700737,2022-02-18 09:04:43.611084,59628.37828253569,30.0,222.025443076738,-45.7161824615838,1.04548925992178,359.999208769067,158.425976265629,73.0179744048801,222.024654583333,-45.7164439722222,30.0,-94.1500015258789,,SDSSg,73.0179744048801,73.0614378138271,158.425976265629,158.718759943207,222.01719661141578,-45.70492351313843,0.4947879193294504,-0.675536906721705,-0.03504314201921148,-0.7586273920723643,0.7587633971556528
2022021700738,2022-02-18 09:05:16.428187,59628.37866236328,30.0,222.025512216492,-45.7162038076985,1.04524905832774,0.00947542624749072,158.718759943207,73.0614378138271,222.024654583333,-45.7164439722222,30.0,-94.1500015258789,,SDSSg,73.0614378138271,73.1043509228912,158.718759943207,159.013431895932,222.01730279064913,-45.70492002344269,0.4925655505712768,-0.6770270553491917,-0.045370698980079976,-0.759204280488905,0.7593862350619188
2022021700743,2022-02-18 09:09:07.945762,59628.381341964836,30.0,220.813299878212,-45.0602541026927,1.03875803634197,359.999288429414,162.741134245356,74.2832944377151,220.8124075,-45.0604323888889,30.0,-94.1500015258789,,SDSSg,74.2832944377151,74.3183281107631,162.741134245356,163.074989248475,220.80613685458076,-45.04857853697657,0.42978141787312907,-0.7005339429683868,-0.14604581602015776,-0.7624056109410665,0.7634974842284932
2022021700744,2022-02-18 09:09:40.848531,59628.381722783924,30.0,220.813364454585,-45.0602088875728,1.03857992834235,359.99939083682,163.074989248475,74.3183281107631,220.8124075,-45.0604323888889,30.0,-94.1500015258789,,SDSSg,74.3183281107631,74.3516313119617,163.074989248475,163.400634456833,220.80618533263302,-45.048555598127955,0.43074731711987696,-0.699197366690513,-0.17115095819187454,-0.761073034111217,0.7625434241586178
2022021700749,2022-02-18 09:13:30.397086,59628.38437959591,30.0,220.946305098339,-45.0602591416131,1.03759394477212,359.999473785914,165.104132224282,74.5135652108875,220.945347083333,-45.0604323888889,30.0,-94.1500015258789,,SDSSg,74.5135652108875,74.5438428803172,165.104132224282,165.449331183394,220.93961144789128,-45.0486578810168,0.4016190268609703,-0.6960756357783356,-0.23046253921066204,-0.7490873724757584,0.7516760609526958
2022021700750,2022-02-18 09:14:03.190659,59628.38475915115,30.0,220.946276142672,-45.0602620651546,1.03744343283775,359.999551175063,165.449331183394,74.5438428803172,220.945347083333,-45.0604323888889,30.0,-94.1500015258789,,SDSSg,74.5438428803172,74.5734441860404,165.449331183394,165.795795698126,220.93967341469087,-45.04867416199381,0.39616367886776294,-0.695274189648712,-0.23904706610770995,-0.7467080959827435,0.7494863760794165
2022021700762,2022-02-18 09:24:11.405606,59628.39179867599,30.0,221.07921610748,-45.0603429024652,1.03540322965582,359.999886852495,171.695173163374,74.9588937147346,221.078286666667,-45.0604323888889,30.0,-94.1500015258789,,SDSSg,74.9588937147346,74.9757214470592,171.695173163374,172.062747110089,221.07409696565725,-45.04491672191145,0.30714850936359434,-0.9255708332254645,-0.2494646514809565,-0.9483683430893868,0.9506654575300444
2022021700763,2022-02-18 09:24:44.260599,59628.392178942115,30.0,221.079282859789,-45.060337680373,1.03532229395987,359.999609249344,172.062747110089,74.9757214470592,221.078286666667,-45.0604323888889,30.0,-94.1500015258789,,SDSSg,74.9757214470592,74.9917789383617,172.062747110089,172.431356389483,221.07412816381571,-45.044980379235156,0.3092817583964068,-0.9214380682701282,-0.2867419619701587,-0.9439746627524647,0.9469888074430359
2022021700764,2022-02-18 09:25:35.862126,59628.392776182016,30.0,221.212231630207,-45.0603386917136,1.03527453382829,359.999580021211,172.276250947674,74.9853152616706,221.211225833333,-45.0604323888889,30.0,-94.1500015258789,,SDSSg,74.9853152616706,75.0009216948238,172.276250947674,172.645506639441,221.20714311893408,-45.04495140817794,0.30531067637152787,-0.9232370121402224,-0.2924813159188945,-0.9449713983162613,0.948097165759696
2022021700765,2022-02-18 09:26:08.672391,59628.393155930455,30.0,221.212197143533,-45.0603688237415,1.03519969033503,359.999639263678,172.645506639441,75.0009216948238,221.211225833333,-45.0604323888889,30.0,-94.1500015258789,,SDSSg,75.0009216948238,75.0157923086372,172.645506639441,173.015544195136,221.2072735171415,-45.045002423211805,0.29541758349107833,-0.9219840317813761,-0.29556969044299575,-0.9421158629276737,0.9453095147580565
