,Res ra,Res dec,Base Ra,Base Dec,Base Az,Base Alt,Snakes
0,0.10915759328181145,0.037271746623446234,232.37388142523187,-40.07294046840613,75.0807224207763,135.3025653098337,1
1,0.08269486510405177,0.004131589739131414,232.37388142523187,-40.07294046840613,75.1035394222253,135.37040301435803,1
2,-0.19185245815097382,-0.041403336413736724,232.37388142523187,-40.07294046840613,75.12617377798189,135.43803478353075,1
3,0.406316547834843,0.27356154932363097,228.14894522900678,-38.733365417850344,78.51001010682583,140.75468786237258,1
4,-0.8161827418032827,-0.8087653382204962,228.14894522900678,-38.733365417850344,78.5303024410905,140.86067376893118,1
5,0.4098661938886248,0.5352037888968653,228.14894522900678,-38.733365417850344,78.5506469784608,140.96271199850364,1
6,-0.09295950709583213,-0.027934548626262767,232.3736516649136,-40.07278701421792,75.27810889611365,135.89920883089678,1
7,0.0059908235709871666,0.09932471930369502,232.3736516649136,-40.07278701421792,75.30061250168869,135.96872081294188,1
8,0.08696868344654832,-0.07139017067743225,232.3736516649136,-40.07278701421792,75.32281986075205,136.03805888857943,1
9,0.07103502331908948,0.073493031359817,235.76880432515136,-42.415876430799116,71.92211466522707,137.1737278057157,1
10,-0.018247350745787115,-0.09025943778624423,235.76880432515136,-42.415876430799116,71.9440096110575,137.2276068358628,1
11,-0.052787672422225825,0.016766406452006777,235.76880432515136,-42.415876430799116,71.9658816621025,137.28133617507987,1
12,0.10146114628583236,-0.00942421245042624,232.37362691027548,-40.07260242238225,75.4728169882212,136.51247941349737,1
13,0.020888002510429486,-0.03137448250640773,232.37362691027548,-40.07260242238225,75.49501243079206,136.58418153711494,1
14,-0.1223491488745587,0.040798695033572585,232.37362691027548,-40.07260242238225,75.51704126906863,136.65555505907565,1
15,-0.3511230018314626,-0.21790231425313777,231.5366694599238,-43.51207361914038,73.57243624269702,147.648187458035,1
16,-0.003410576447380394,0.24718596048103336,231.5366694599238,-43.51207361914038,73.58960073418514,147.7208340336919,1
17,0.3545335781304348,-0.02928364620231605,231.5366694599238,-43.51207361914038,73.60663538918907,147.79439175533787,1
18,0.07690661838746109,0.013582310521087493,232.3735662296273,-40.072470918276544,75.66849726821899,137.15581009798473,1
19,0.039529070702487255,0.007795675119837142,232.3735662296273,-40.072470918276544,75.69029269014773,137.22929454944168,1
20,-0.11643568885505733,-0.02137798571766325,232.3735662296273,-40.072470918276544,75.71200299457969,137.30288366610245,1
21,-0.06123838417366884,-0.19116947298130071,235.5409260436489,-37.545932943928115,75.04806356888882,123.7310879837305,1
22,0.0489381525264236,-0.15424716561938112,235.5409260436489,-37.545932943928115,75.07465066787275,123.77899663101427,1
23,0.01230023156612076,0.34541663854952276,235.5409260436489,-37.545932943928115,75.10150035701952,123.8270659019174,1
24,0.08069181600747635,0.1288057100595097,232.3733918996263,-40.07243214856019,75.86387272111482,137.8271198890816,1
25,0.0409753687747315,-0.0863688050486644,232.3733918996263,-40.07243214856019,75.88529116677435,137.90290697607333,1
26,-0.12166718478220785,-0.04243690506200437,232.3733918996263,-40.07243214856019,75.90680904310787,137.97903072643817,1
27,0.10083432382102238,-0.08584393228261433,229.08817882752126,-37.639286627076935,79.48603987495814,137.71477669119417,1
28,-0.05000667413247958,-0.10628147391287257,229.08817882752126,-37.639286627076935,79.50755542236824,137.8240051098506,1
29,-0.0508276496885428,0.19212540616990736,229.08817882752126,-37.639286627076935,79.52912582281857,137.93357062171063,1
30,-0.014613489806875588,0.0967022418109309,232.37313239530707,-40.07227672780251,76.05178282670708,138.50129248864047,1
31,0.021221435298510092,-0.05261460262033779,232.37313239530707,-40.07227672780251,76.07289337684729,138.5792158980829,1
32,-0.006607945491634504,-0.04408763916501357,232.37313239530707,-40.07227672780251,76.09411858044304,138.65770964471136,1
33,-0.03164818603185428,0.06284184370315415,245.6813607714207,-45.575354371195345,65.05720801288882,135.1096018504112,2
34,0.08808708762456242,-0.1692184901003202,245.6813607714207,-45.575354371195345,65.07969655319341,135.13978211757427,2
35,-0.05643890180756724,0.10637664642274558,245.6813607714207,-45.575354371195345,65.10262974709052,135.17026606857053,2
36,0.11040788194556694,0.15864094752089386,242.85544801725925,-42.689818468907085,68.32804108892634,131.33167844282022,2
37,0.08754796933868436,-0.06884556996169522,242.85544801725925,-42.689818468907085,68.35204647232622,131.3664226400566,2
38,-0.1979558512842513,-0.08979537750803956,242.85544801725925,-42.689818468907085,68.37637401807307,131.40157778916495,2
39,0.07599326948988502,-0.07671360864947019,245.68120579674112,-45.575366006882945,65.25449417356793,135.37610346965195,2
40,0.2170191412268195,0.03935073525269672,245.68120579674112,-45.575366006882945,65.27710364610637,135.4069975799509,2
41,-0.29301241057346517,0.037362873422353005,245.68120579674112,-45.575366006882945,65.29990540561118,135.43834352852812,2
42,0.08134647330004251,0.1315328305025787,241.49015380310024,-43.66763025281978,68.89281876936155,135.35709952202433,2
43,0.0161557429772804,-0.08862372189071266,241.49015380310024,-43.66763025281978,68.91533212929313,135.39774602042107,2
44,-0.0975022163513355,-0.042909108560706954,241.49015380310024,-43.66763025281978,68.9378111924871,135.43822610091132,2
45,0.21618863838429528,0.1117032952407726,245.68106488240684,-45.57531042980501,65.45156446026506,135.6490982343562,2
46,-0.17243736561517037,-0.1757807803187461,245.68106488240684,-45.57531042980501,65.47398823546725,135.68088730751853,2
47,-0.04375127269750515,0.06407748497565535,245.68106488240684,-45.57531042980501,65.49637007779087,135.71230426032034,2
48,-0.04750125713681313,-0.02350715477632548,244.91163066921663,-42.117876054575554,67.65293878640988,128.72876854559735,2
49,-0.010671661195244818,-0.11229935882965947,244.91163066921663,-42.117876054575554,67.67788934337135,128.7589194569919,2
50,0.05817291833205795,0.13580651365714402,244.91163066921663,-42.117876054575554,67.70279164901233,128.78884573191058,2
51,-0.014914442317898114,-0.22210703834844026,245.6809313407249,-45.57534590239434,65.64841794735072,135.92991330221682,2
52,0.01581318023609149,0.006941878189081763,245.6809313407249,-45.57534590239434,65.67076479592001,135.96205400678517,2
53,-0.0008987379181933746,0.21516516008261988,245.6809313407249,-45.57534590239434,65.69321612241859,135.99446242638933,2
54,0.08220289686068516,-0.08604468901864948,249.97053009601132,-47.370931034066736,62.29090347946088,136.28510014541283,2
55,-0.02118706280250958,0.06599700232072792,249.97053009601132,-47.370931034066736,62.31321413144009,136.31063925726238,2
56,-0.06101583398888067,0.020047686697921563,249.97053009601132,-47.370931034066736,62.335345651873745,136.33617883611467,2
57,-0.33667714670183274,0.3598098384486548,245.68104712873128,-45.57535724487025,65.84319015169146,136.21457741861306,2
58,0.02788606808091926,0.6882363567882521,245.68104712873128,-45.57535724487025,65.86534657613635,136.24723695710034,2
59,0.3087910786209135,-1.048046195288066,245.68104712873128,-45.57535724487025,65.8871323556887,136.28108863565396,2
60,0.07261968307133239,0.09327359244650779,250.57403038008513,-44.85342721411609,63.217178572353916,131.15124733516544,2
61,-0.14834012855604412,0.05199997542320034,250.57403038008513,-44.85342721411609,63.241336596465956,131.1744316879891,2
62,0.07572044555724644,-0.1452735678441286,250.57403038008513,-44.85342721411609,63.265424688262776,131.19772439128687,2
63,0.2545339139255377,0.26545269089410795,245.68208600447932,-45.5753114153533,66.0360149872911,136.5044695286385,2
64,-0.03802106164697196,-0.23353283561675653,245.68208600447932,-45.5753114153533,66.05808175693838,136.5385567416302,2
65,-0.2165128520637065,-0.031919855328510494,245.68208600447932,-45.5753114153533,66.0801674603089,136.57221345187585,2
66,-0.22030931717300486,0.7956964998697913,261.05737035180215,-49.71988331845362,55.0615298479235,135.05875552431746,3
67,-0.2880695368412012,0.9208296261050464,261.05737035180215,-49.71988331845362,55.084343302286214,135.07260308912294,3
68,0.508378854278811,-1.7165261260771558,261.05737035180215,-49.71988331845362,55.106495548178096,135.08750447284135,3
69,-0.1375986884282655,-0.1621685877296386,259.0982185349662,-46.45843730641558,57.42874825661056,130.281399448784,3
70,0.10208796854621069,-0.11373096911597713,259.0982185349662,-46.45843730641558,57.45311652185655,130.29509853508677,3
71,0.03551071974108485,0.2758995568711953,259.0982185349662,-46.45843730641558,57.477575262817965,130.3087073758025,3
72,1.061367753947451,-0.86839701614565,261.05739825748395,-49.71979612598859,55.258311974492116,135.18074462792964,3
73,-0.47936843700761744,0.44425852342158123,261.05739825748395,-49.71979612598859,55.28139041052333,135.1944866900907,3
74,-0.5819993169398336,0.4241384927240688,261.05739825748395,-49.71979612598859,55.3039252630823,135.2086155060324,3
75,0.0889751854856452,0.2999635132283629,266.266727375597,-48.76972630225978,52.37191193376819,132.04590956101424,3
76,-0.22359900193146065,-0.62340226290587,266.266727375597,-48.76972630225978,52.39928060097092,132.05689211444394,3
77,0.13462381644581545,0.3234387497542457,266.266727375597,-48.76972630225978,52.4231238385793,132.06567253189044,3
78,-0.013337383010086244,-0.17615159880506326,261.0572847358292,-49.71962651424861,55.455719996486536,135.3047333863837,3
79,-0.09091768606529034,0.05119740824568453,261.0572847358292,-49.71962651424861,55.478271352978624,135.3190487424149,3
80,0.10425506894307338,0.12495419053379919,261.0572847358292,-49.71962651424861,55.50083271599011,135.33348990519698,3
81,0.0862737197831633,0.10303595263394527,264.8658074248727,-52.20408046499216,52.45413805965838,137.95483216838238,3
82,-0.08029917437981345,-0.27837647313049274,264.8658074248727,-52.20408046499216,52.47564641360026,137.96733810346495,3
83,-0.005974545403349856,0.1753405204453884,264.8658074248727,-52.20408046499216,52.497133662551164,137.97946117273887,3
84,-0.052688528200562315,-0.06833123527485441,261.05727338383645,-49.71956674014793,55.65253376723797,135.4318856655867,3
85,0.03282171499870046,0.06329807700069523,261.05727338383645,-49.71956674014793,55.67493243571055,135.4465013580657,3
86,0.01986681306955849,0.0050331582230001,261.05727338383645,-49.71956674014793,55.69742102016355,135.461316351031,3
87,-0.1945378255326316,-0.12920854504727686,265.4920334433112,-47.71203656453316,53.53890360020411,130.70077266968516,3
88,0.12130889640155562,0.16216895065213066,265.4920334433112,-47.71203656453316,53.56310809762279,130.7102093136272,3
89,0.073228929131076,-0.03296040563043334,265.4920334433112,-47.71203656453316,53.587382871990506,130.71993999125885,3
90,0.0027223869396718094,-0.1789602002332913,261.05720620882215,-49.719618314377335,55.848902660823505,135.56216275253766,3
91,-0.09231884761828574,0.16929588833534126,261.05720620882215,-49.719618314377335,55.87138118364766,135.57707353265369,3
92,0.08959646094322038,0.009664311846790952,261.05720620882215,-49.719618314377335,55.893706346637174,135.5921904547451,3
93,-0.21328228028428953,0.028969217987651064,261.19835650235177,-46.221454493497056,56.96423986403903,129.56684106585098,3
94,0.03974727186790846,0.029636636645591352,261.19835650235177,-46.221454493497056,56.98889715067288,129.57954179440236,3
95,0.17353500869954566,-0.058605854658821954,261.19835650235177,-46.221454493497056,57.013782199935804,129.5924480513175,3
96,0.008718076273700134,0.1378136391821272,261.0571012908211,-49.71954797910453,56.045071132227875,135.6949954437253,3
97,0.08925677349910945,-0.004257848064526115,261.0571012908211,-49.71954797910453,56.06737074607285,135.71040731519264,3
98,-0.097974849905113,-0.133555791066442,261.0571012908211,-49.71954797910453,56.08985319478079,135.72598090226646,3
99,-0.1512296817800235,-0.15430523265536067,278.3384206455341,-52.040831386853405,45.06610095258623,135.02938807294817,4
100,-0.0788976185840835,0.13427328376849346,278.3384206455341,-52.040831386853405,45.08871953714303,135.03331754154925,4
101,0.23012730023823524,0.020031948886867212,278.3384206455341,-52.040831386853405,45.11144565725414,135.0374455738457,4
102,0.03269340726051588,0.14781947869266787,279.891222757149,-48.673840241894816,44.48342924443188,130.19272681332802,4
103,-0.03238119503775887,-0.12031031876347242,279.891222757149,-48.673840241894816,44.507846366042884,130.19446341487955,4
104,-0.00031221208762653393,-0.02750915990361591,279.891222757149,-48.673840241894816,44.532283790910235,130.1960785813604,4
105,0.08617253499327295,-0.1714308041186996,278.3383125081871,-52.04082642695019,45.263273731478925,135.06530966393458,4
106,-0.12111144509613062,0.05425536587040369,278.3383125081871,-52.04082642695019,45.2859798676198,135.0694542808574,4
107,0.034938909976985906,0.11717543822271637,278.3383125081871,-52.04082642695019,45.30857066115333,135.07366170887192,4
108,0.07705458981654141,-0.024540604556477774,273.65276859814946,-50.058917882458665,48.57677881941521,132.87832590114962,4
109,0.05090105567857087,-0.20618832299135192,273.65276859814946,-50.058917882458665,48.60031083869796,132.88445656168088,4
110,-0.12795564549511226,0.23072892762456831,273.65276859814946,-50.058917882458665,48.62423443879892,132.89044911558753,4
111,0.09727999865897334,0.174445195287376,278.33847548121616,-52.04072581212171,45.461249375956946,135.102627399161,4
112,0.06412209573755781,0.03152195701261462,278.33847548121616,-52.04072581212171,45.48388012432278,135.10708141293367,4
113,-0.16140209439653116,-0.20596715224883155,278.33847548121616,-52.04072581212171,45.50651120433577,135.1115940140473,4
114,0.01827958603830458,-0.038669040858962944,276.7226492026228,-48.6864150919815,46.99491385739934,130.4884929495641,4
115,-0.04296899349963331,0.009930962113458008,276.7226492026228,-48.6864150919815,47.019207372687845,130.49209643166657,4
116,0.024689407326231982,0.028738078745504936,276.7226492026228,-48.6864150919815,47.043505653937125,130.4957334133592,4
117,0.13535403441307678,-0.12572664652736876,278.3384202002159,-52.040638200353406,45.65829700614926,135.14159038760096,4
118,0.06363505703126825,-0.03463152309564066,278.3384202002159,-52.040638200353406,45.680916736627545,135.14612682737095,4
119,-0.19898909182196187,0.16035816962300942,278.3384202002159,-52.040638200353406,45.70355949209062,135.1506470667846,4
120,0.12761494154961878,-0.058321686961448904,274.9657471954794,-49.22326016776832,48.283220500951295,131.5301711658004,4
121,-0.2665486114685976,-0.1259113055226635,274.9657471954794,-49.22326016776832,48.30726612054932,131.5353722171966,4
122,0.13893366978532815,0.1842329924841124,274.9657471954794,-49.22326016776832,48.33111887205597,131.54039401927508,4
123,0.08132641967074149,-0.2007031239315893,278.3384460258876,-52.04061679915416,45.85510649743801,135.18207029164603,4
124,0.025251941107565658,0.07565339878397026,278.3384460258876,-52.04061679915416,45.87790311992036,135.18674947390377,4
125,-0.10657836103005183,0.1250497251220395,278.3384460258876,-52.04061679915416,45.90053252680547,135.19150605633197,4
126,0.013255154061267973,0.28481327916267674,272.654644566916,-51.93353189272167,49.40731078752882,136.05745555104176,4
127,0.20304365403359606,-0.2787202929766863,272.654644566916,-51.93353189272167,49.42941568655783,136.06591011812978,4
128,-0.21629880834721138,-0.006092986083672258,272.654644566916,-51.93353189272167,49.45176571954659,136.074115645392,4
129,0.06989074370185744,-0.05890332338367443,278.3383629442131,-52.04057719858503,46.05347329582038,135.22435392330408,4
130,0.0940163339707615,0.09578975549402458,278.3383629442131,-52.04057719858503,46.076091406683126,135.22922833851655,4
131,-0.1639070775467465,-0.036886432059191065,278.3383629442131,-52.04057719858503,46.098644342040586,135.23422637945094,4
132,-0.013801666642609348,-0.041572200095174594,296.48407871700476,-52.19217165211038,35.07113483892883,135.00959609597888,5
133,-0.03556345687743783,-0.11808552016532303,296.48407871700476,-52.19217165211038,35.09379425859746,135.0068549246652,5
134,0.049365123520047176,0.15965772028607716,296.48407871700476,-52.19217165211038,35.116424785506375,135.00400902550737,5
135,0.19029784663628876,-0.20629019657292247,300.1493598496336,-54.87290495723263,33.277852496441234,138.49206200453787,5
136,0.09712159665173618,-0.028038718252787476,300.1493598496336,-54.87290495723263,33.29905813573638,138.48907893418357,5
137,-0.28741944305253275,0.23432891487686902,300.1493598496336,-54.87290495723263,33.320435000861636,138.4860567152667,5
138,-0.010448003599324155,-0.004967040078440732,296.48418691335206,-52.192087645509986,35.267446026413396,134.9859293239999,5
139,-0.08885327127334029,-0.20677404047546588,296.48418691335206,-52.192087645509986,35.290217804489764,134.98332869358438,5
140,0.09930127512355517,0.2117410805539066,296.48418691335206,-52.192087645509986,35.31305558065438,134.98052097501525,5
141,0.19520734929058584,-0.19384427909869828,295.9465443641284,-55.67513971774374,35.90802279079002,139.22583065612994,5
142,0.08325777730238014,-0.42802103961605553,295.9465443641284,-55.67513971774374,35.928934308399654,139.22480650315762,5
143,-0.27846512659296596,0.6218653187403334,295.9465443641284,-55.67513971774374,35.949924231175295,139.22335089736546,5
144,0.16818211241143785,-0.21045095900831257,296.4841751123495,-52.19199051414338,35.46459826643694,134.96319611068296,5
145,-0.025960069877404866,0.14527187987596335,296.4841751123495,-52.19199051414338,35.48743685417566,134.96050968121068,5
146,-0.14222204265947863,0.06517907920908783,296.4841751123495,-52.19199051414338,35.51011614177762,134.958003277733,5
147,0.05179774688161763,-0.06497328056696006,290.79880418446515,-51.901243678898425,39.040794293039454,134.3676873510406,5
148,-0.0050911456696558785,0.03844392007295028,290.79880418446515,-51.901243678898425,39.063727237760624,134.36714516166768,5
149,-0.046706601085697304,0.02652936049400978,290.79880418446515,-51.901243678898425,39.08663722882404,134.3666594255278,5
150,-0.05360108862289861,-0.07017180037678372,296.4842482313591,-52.19194316407644,35.66404488295511,134.94113443627273,5
151,-0.020407623017389485,0.0993719998831466,296.4842482313591,-52.19194316407644,35.686648806046406,134.9386511733529,5
152,0.0740087116402881,-0.029200199557521955,296.4842482313591,-52.19194316407644,35.70941610872617,134.93626568755658,5
153,-0.0638192924187294,0.04418759924362803,298.4893234345914,-48.91565988316777,34.12251072838698,131.13794254722254,5
154,0.04988151793260936,0.06465108052111646,298.4893234345914,-48.91565988316777,34.14659085707172,131.13355267728627,5
155,0.01393777421715866,-0.1088386798414831,298.4893234345914,-48.91565988316777,34.170780004330815,131.12922098250576,5
156,0.10271445544035065,0.05034948056561461,296.4843135460334,-52.19181031680955,35.86082808262885,134.920250095128,5
157,0.016719264190608256,0.035622600088913714,296.4843135460334,-52.19181031680955,35.88354007524516,134.9179317898002,5
158,-0.11943371975640506,-0.08597208065452833,296.4843135460334,-52.19181031680955,35.90624747757018,134.91566388313984,5
159,1.1230353753875255,-0.6846246077316209,292.1865020682942,-49.89093119394491,38.50709603906663,131.80901472060424,5
160,-0.6722900369628226,0.2326539645991943,292.1865020682942,-49.89093119394491,38.531456388066275,131.80697741066516,5
161,-0.45074533829286706,0.4519706431068471,292.1865020682942,-49.89093119394491,38.555525000049094,131.80522074523418,5
162,0.05214474016345617,-0.1840223996993018,296.4842647036932,-52.19178835620971,36.05849968479071,134.90052171296202,5
163,-0.09481757936404059,0.2259488394656728,296.4842647036932,-52.19178835620971,36.08120063727989,134.8981725200764,5
164,0.042672838949691996,-0.041926439766371004,296.4842647036932,-52.19178835620971,36.1039055509228,134.89606946177307,5
165,0.1309791435697516,0.214419367176788,313.9472417543079,-50.14994967838487,25.080741594257123,134.9951970303225,6
166,0.0849744511233409,-0.27428063540071435,313.9472417543079,-50.14994967838487,25.103408536216335,134.9872779640535,6
167,-0.21595359495534644,0.059861268198346806,313.9472417543079,-50.14994967838487,25.126114786868392,134.97909050808218,6
168,-0.2190291644448847,-0.0881998889155966,309.2883875197968,-48.328524486909096,27.578160637773045,132.04685209897,6
169,-0.1483900573068146,-0.19956552601172461,309.2883875197968,-48.328524486909096,27.601857227607848,132.03945044126775,6
170,0.3674192218877535,0.28776541487616214,309.2883875197968,-48.328524486909096,27.62544689405426,132.03189764257064,6
171,0.28583472613344474,0.09170701569019002,313.9473994459801,-50.14979355741267,25.278370543444645,134.92499213625337,6
172,-0.2703736675100551,-0.021819374799747493,313.9473994459801,-50.14979355741267,25.301176129332152,134.9169958729848,6
173,-0.015461058623389643,-0.06988764083928345,313.9473994459801,-50.14979355741267,25.323856551121676,134.90903255000316,6
174,0.1494070489957,-0.17140175105794242,314.26197233596264,-53.64141001908934,26.196852627404937,138.66580083957,6
175,0.07685444891378782,0.034307284616375,314.26197233596264,-53.64141001908934,26.218005549210293,138.65889771448965,6
176,-0.2262614975455399,0.13709446639040834,314.26197233596264,-53.64141001908934,26.239265404799262,138.6520041893763,6
177,-0.016825992008610978,-0.002714520934432585,313.9475852536539,-50.149616313306105,25.47590734003912,134.85558842569242,6
178,0.2071461123625328,-0.3098467086232404,313.9475852536539,-50.149616313306105,25.49857754582438,134.84779359698754,6
179,-0.1903201206161776,0.3125612295065139,313.9475852536539,-50.149616313306105,25.52147460228849,134.83963114488998,6
180,-0.0034911288287436527,-0.21318492026409785,317.86867683784095,-52.58236761500094,23.998580408012003,138.2028078656816,6
181,-0.07034786754431652,0.17838275517192415,317.86867683784095,-52.58236761500094,24.02009248368507,138.19458098644105,6
182,0.07383899637306017,0.034802165143332786,317.86867683784095,-52.58236761500094,24.04143324665601,138.18660115800776,6
183,-0.06020683994809943,-0.030036123348509136,313.9478730950075,-50.14945036806265,25.672490283880084,134.78730479671756,6
184,0.04427198615107914,0.2201703624024276,313.9478730950075,-50.14945036806265,25.69524243621854,134.77939343759067,6
185,0.01593485392814863,-0.19013423913065708,313.9478730950075,-50.14945036806265,25.717995843717002,134.77170551089154,6
186,0.06504608249196611,-0.03415019647547979,312.31973015642876,-53.48739554433805,27.639126731104643,138.04824470662922,6
187,-0.14465988552241482,-0.18407472786350354,312.31973015642876,-53.48739554433805,27.660573946455962,138.0420875059252,6
188,0.07961380303044871,0.2182249243134038,312.31973015642876,-53.48739554433805,27.68194528394892,138.0357839637547,6
189,-0.1664775488043655,-0.25409760910406476,313.94795331067786,-50.14938145405983,25.869702421405773,134.71977549615843,6
190,0.2025888032240829,-0.03406810887156553,313.94795331067786,-50.14938145405983,25.89240968347016,134.7119807778835,6
191,-0.03611125468197447,0.28816571802678936,313.94795331067786,-50.14938145405983,25.915229773506045,134.7041257902884,6
192,-0.11357256723562287,0.007972434590897137,310.38378640634113,-52.796735920753086,28.794472023502518,136.92433910632556,6
193,0.1547691818024463,-0.06954599264474837,310.38378640634113,-52.796735920753086,28.816251964766746,136.918579010933,6
194,-0.04119661456682344,0.061573558130589845,310.38378640634113,-52.796735920753086,28.838356577446355,136.91267638191948,6
195,-0.06924605967962613,0.012165956178478154,313.9481192923543,-50.14926327845399,26.069068600373903,134.65210189948613,6
196,0.02493543813905755,0.03912492138908874,313.9481192923543,-50.14926327845399,26.091802547780897,134.6444533665877,6
197,0.044310621671697435,-0.05129087761872597,313.9481192923543,-50.14926327845399,26.114602116097558,134.6368313716282,6
198,-0.057508581345626544,-1.0870533575754848,272.7201069114487,19.896509300956293,25.565082814960352,44.30638303822605,7
199,-0.13047799443346675,0.26274504545824584,272.7201069114487,19.896509300956293,25.587162711875273,44.27646730305585,7
200,0.18798657577909328,0.824308312117239,272.7201069114487,19.896509300956293,25.609328331325187,44.24678364064886,7
201,-0.11749189377372453,-0.1076343558409576,276.36657710171,20.58111174044323,22.89911181333743,46.5132463178481,7
202,0.2046078839766007,0.04326251274022752,276.36657710171,20.58111174044323,22.92215826889082,46.485409722905835,7
203,-0.08711599020287618,0.06437184307515054,276.36657710171,20.58111174044323,22.94534169687281,46.45743904704404,7
204,0.06456192433959493,-0.6677061627186731,272.7206353224329,19.8965775422021,25.759727801739928,44.04696030228056,7
205,-0.527751066364398,1.0810471421720536,272.7206353224329,19.8965775422021,25.781698640339492,44.016713979750044,7
206,0.46318914221722424,-0.4133409794661702,272.7206353224329,19.8965775422021,25.804035394829132,43.98751045611255,7
207,-0.37509117946495246,-0.4255899435491983,271.2874986154332,16.670011430453865,29.2081297326277,45.062693950022435,7
208,0.3074793489072667,-0.2722292534755866,271.2874986154332,16.670011430453865,29.23086090577166,45.031195357803455,7
209,0.06761183075372179,0.6978191970375747,271.2874986154332,16.670011430453865,29.253557509648896,44.99930179961783,7
210,-0.21456055073210678,-0.554069751001407,272.720853902431,19.89670825722679,25.95491334166357,43.784351733751514,7
211,0.21614702415225306,0.23027555093477758,272.720853902431,19.89670825722679,25.97683210768968,43.75435246844172,7
212,-0.0015864736125673787,0.32379420007941917,272.720853902431,19.89670825722679,25.999005116459454,43.72431310802673,7
213,-0.03826241046811841,-0.029795038436475352,272.87893173462334,16.402051990439354,28.626774369003748,46.31810078499788,7
214,-0.13247025926170744,0.1797091254175598,272.87893173462334,16.402051990439354,28.649800348518053,46.287415099209454,7
215,0.17073266933720904,-0.14991408698108444,272.87893173462334,16.402051990439354,28.672846856362607,46.256930009046854,7
216,-0.36439663445087367,-0.23543554473661743,272.7211905877532,19.896728138613508,26.147770644144458,43.522448057766546,7
217,0.11674557217871642,-0.03782040489426208,272.7211905877532,19.896728138613508,26.169658104018474,43.49248851696627,7
218,0.24765106227215725,0.27325594961808974,272.7211905877532,19.896728138613508,26.191630330614657,43.46232484976471,7
219,-0.5346342061077674,0.3031423414753931,273.26554822484644,16.436798677806227,28.560518854014724,46.343565647816376,7
220,0.4255589882387582,-0.1642708971090201,273.26554822484644,16.436798677806227,28.583582769567528,46.313208866296435,7
221,0.10907521806528252,-0.13887144437916277,273.26554822484644,16.436798677806227,28.606855481422734,46.28230321370063,7
222,0.07551589649918976,0.018301796826847294,272.72135228643293,19.89715173670712,26.33898855961999,43.25956177512492,7
223,0.0883995718359377,-0.16924992370803693,272.72135228643293,19.89715173670712,26.36096929669558,43.229371837775226,7
224,-0.16391546795028636,0.15094812688118964,272.72135228643293,19.89715173670712,26.382817947261096,43.199080328114576,7
225,-0.06576403232937794,-0.3233626775241305,275.402677090267,22.317825809943088,22.976187401299242,43.549147607964066,7
226,0.03863182725265757,0.07661315851805739,275.402677090267,22.317825809943088,22.998082224375036,43.52065069658684,7
227,0.027132205455335033,0.24674951900607311,275.402677090267,22.317825809943088,23.020057419089213,43.49212775881075,7
228,-0.29603919585608096,0.036859812443879036,272.72167115842257,19.897172475594527,26.531422916454176,42.99324278999711,7
229,-0.06062938195718547,-0.6481265974599637,272.72167115842257,19.897172475594527,26.55328384960663,42.963166263301204,7
230,0.35666857781326644,0.6112667850160847,272.72167115842257,19.897172475594527,26.574746824978345,42.93264533698654,7
231,-0.5590096748782526,0.6906465864680911,268.7135102919977,12.197701441401449,35.07049533764033,44.93006275339964,8
232,0.07679270127791037,-0.24043728364446793,268.7135102919977,12.197701441401449,35.09316473622067,44.89587757957452,8
233,0.4822169740003752,-0.45020930283001803,268.7135102919977,12.197701441401449,35.11583297823711,44.861258288923906,8
234,-0.29985535034208827,0.000534949422359432,269.9288997527501,8.906203935569817,36.930334730349394,48.523172139447276,8
235,0.048406454924884906,0.20926520183266462,269.9288997527501,8.906203935569817,36.95416565779163,48.48865932876146,8
236,0.2514488956193724,-0.20980015125502405,269.9288997527501,8.906203935569817,36.978475506368866,48.45374456876045,8
237,-0.04657974885693147,-0.16039451778269154,268.71367799166165,12.197716543293682,35.26602497902,44.629815478036676,8
238,-0.24371646204569056,-0.3072496684659143,268.71367799166165,12.197716543293682,35.288504464245364,44.59511424250043,8
239,0.29029621070260553,0.4676441862613956,268.71367799166165,12.197716543293682,35.31070670199979,44.560291580436065,8
240,0.1647014390307348,0.5369840313463214,265.4333498141677,10.799759924795714,38.42758541901002,42.34769332346099,8
241,-0.39285003038834754,-0.8919588993357763,265.4333498141677,10.799759924795714,38.449560113133906,42.31037496053396,8
242,0.22814859155862452,0.3549748679894549,265.4333498141677,10.799759924795714,38.470656537029285,42.272926230442216,8
243,-0.010946748416666452,0.12306900053928871,268.7139957699964,12.197880976612309,35.46231590523195,44.32410104704093,8
244,0.15858190048985846,-0.22043436751459922,268.7139957699964,12.197880976612309,35.48460445336003,44.28941406777705,8
245,-0.147635152073192,0.09736536697531051,268.7139957699964,12.197880976612309,35.506908593186715,44.2542928714137,8
246,-1.2282786766277556,-1.1503447892742713,272.10197758270965,11.068379276660577,34.31261560948071,48.167507953111375,8
247,0.8847451194260392,0.43132952345175113,272.10197758270965,11.068379276660577,34.335909563462955,48.13421664189738,8
248,0.34353355740254626,0.7190152658225202,272.10197758270965,11.068379276660577,34.35971935057292,48.10083317642725,8
249,-0.014352882475488589,0.0325848006752949,268.71417015998964,12.197815702004242,35.65638851506093,44.01908557235805,8
250,-0.050085550181851325,-0.044845437609808414,268.71417015998964,12.197815702004242,35.6787808113625,43.98369296469642,8
251,0.06443843245732349,0.012260636928118629,268.71417015998964,12.197815702004242,35.70099970356069,43.94845374440629,8
252,-0.09560549438489822,-0.2188497316744531,269.82619391474105,8.871909788798826,37.644913702126104,47.540280577554334,8
253,-0.15551837314085704,0.17954995899032156,269.82619391474105,8.871909788798826,37.66842328791995,47.50486791234833,8
254,0.2511238679301312,0.039299772703316194,269.82619391474105,8.871909788798826,37.69191139130059,47.46973486034023,8
255,-0.26245223326900935,0.015173412433711064,268.7141638333312,12.197983230204533,35.849086582367704,43.71228364804136,8
256,0.17738120311685168,-0.3294175284167977,268.7141638333312,12.197983230204533,35.8711441341207,43.67717264526073,8
257,0.08507103015215768,0.31424411598308666,268.7141638333312,12.197983230204533,35.89310324477246,43.64161886363853,8
258,-0.11251935065228634,0.09886488589074816,266.17522151245214,14.665780925783807,35.40750026630083,39.311679840108106,8
259,-0.08796973326349958,0.15922284460501146,266.17522151245214,14.665780925783807,35.427731270143944,39.275436110743726,8
260,0.20048908391578593,-0.25808773047657496,266.17522151245214,14.665780925783807,35.44807259993998,39.23923214427398,8
261,0.08890524268918469,-0.5341524042087542,268.71452307665476,12.197934223787916,36.04098892181958,43.40398786778403,8
262,-0.36142462404541975,-0.05095570288276008,268.71452307665476,12.197934223787916,36.06288570194289,43.36826541261791,8
263,0.27251938135623505,0.5851081070915143,268.71452307665476,12.197934223787916,36.084708296867056,43.332528073850185,8
264,0.05930446749714125,-0.14390318717438788,264.2755760510135,4.347385252645413,45.06550765277213,44.916968909755674,9
265,0.2126611790797656,0.3444522125768401,264.2755760510135,4.347385252645413,45.08793706854227,44.875555394782694,9
266,-0.2719656469850019,-0.2005490253992548,264.2755760510135,4.347385252645413,45.11064095335094,44.834240287192095,9
267,0.12674821523262247,-0.1335402312162337,262.0972114987019,1.6054961276483983,48.663711216767894,44.662110294971946,9
268,-0.18769269474140388,-0.10725045731758698,262.0972114987019,1.6054961276483983,48.686387027261844,44.617161113717735,9
269,0.06094447930422544,0.24079068853462005,262.0972114987019,1.6054961276483983,48.70875968093364,44.57251308171133,9
270,-0.5444385878030802,0.19781549323383274,264.2756076873473,4.347398729287051,45.263449679327486,44.55180392107605,9
271,0.25948323722504474,-0.2319891619286807,264.2756076873473,4.347398729287051,45.28584138260046,44.51048519673594,9
272,0.2849553505780354,0.03417366870124283,264.2756076873473,4.347398729287051,45.308183622023265,44.46874226317099,9
273,-0.030799051936650293,0.37675706579172186,261.4167164380693,2.3227541029262304,48.69101951351313,42.792084463444766,9
274,-0.3998052823414548,-0.728510484774425,261.4167164380693,2.3227541029262304,48.71303722097051,42.74687666525544,9
275,0.4306043340736369,0.3517534189859006,261.4167164380693,2.3227541029262304,48.73433244016314,42.701531522380606,9
276,-0.08365540131086366,-0.056485675509776456,264.2758758516838,4.347492414939361,45.45909515211867,44.18607777710382,9
277,-0.097626284819223,-0.035531838760860524,264.2758758516838,4.347492414939361,45.481342123887686,44.14416277294833,9
278,0.18128168613008666,0.09201751427383442,264.2758758516838,4.347492414939361,45.50362263191143,44.102047644880194,9
279,0.05879711596089155,-0.1733342794896231,260.78708537301253,3.9790456881157983,47.88319131519132,40.18897198400082,9
280,0.19572705822158945,0.01053222042859403,260.78708537301253,3.9790456881157983,47.903819520787486,40.14314689767119,9
281,-0.254524174386624,0.16280205905783163,260.78708537301253,3.9790456881157983,47.92443248957002,40.09729863072104,9
282,-0.23131172179298762,-0.1933363795906473,264.2761373006819,4.34749141451204,45.652836968559015,43.819022715391405,9
283,0.19318852949148582,0.1352350936386415,264.2761373006819,4.34749141451204,45.67480513527219,43.77685093308426,9
284,0.03812319250554929,0.058101285958400695,264.2761373006819,4.34749141451204,45.69691068968768,43.734619274956216,9
285,-0.11220278413441588,0.08825119790145664,265.2532095504543,7.7085823056012055,42.465833370544665,41.952654511072375,9
286,-0.02325156232212597,-0.009434878798231239,265.2532095504543,7.7085823056012055,42.487171275857136,41.91235121702584,9
287,0.13545434645654186,-0.0788163191032254,265.2532095504543,7.7085823056012055,42.508597660225824,41.87180007875309,9
288,0.11877402045380091,-0.03620099439096691,264.27636309302574,4.347715448276625,45.8460925422044,43.447008308438186,9
289,-0.37454667722007745,-0.11208558389910195,264.27636309302574,4.347715448276625,45.86809222757551,43.404450975050636,9
290,0.255772656970324,0.14828657828367398,264.27636309302574,4.347715448276625,45.88982712832004,43.3621117271565,9
291,-0.6270899572169393,0.20019675628777378,261.5334692236326,2.167123513392461,49.315465515679236,41.86965777061094,9
292,-0.5621096452064458,0.5642473285613292,261.5334692236326,2.167123513392461,49.33682490300793,41.82296708927139,9
293,1.189199602423385,-0.7644440848507017,261.5334692236326,2.167123513392461,49.358151623180305,41.7775142091872,9
294,-0.7130257466104533,0.1394977702791067,264.276718513361,4.347797519297603,46.03868779397921,43.07131543545613,9
295,-0.13327376606374616,-0.07901977684987571,264.276718513361,4.347797519297603,46.0604206759215,43.028766717493774,9
296,0.8462995128782469,-0.06047799342923099,264.276718513361,4.347797519297603,46.08202487037625,42.986241173410924,9
297,-0.41174062892533586,-0.06923942100947045,256.52977463605504,-4.1861089037443024,57.689551002342775,40.30791852549811,10
298,0.0710240128801109,-0.049384444636046965,256.52977463605504,-4.1861089037443024,57.71017752908289,40.250795883418775,10
299,0.34071661604522496,0.11862386563912253,256.52977463605504,-4.1861089037443024,57.73079052719024,40.193442635411735,10
300,-0.04994793689403703,-0.05726312120879484,262.7082719940604,-1.3596249208411482,51.94924776998891,45.5979165032469,10
301,-0.18588164777413796,0.08124213442703976,262.7082719940604,-1.3596249208411482,51.97211248753839,45.55050416572887,10
302,0.23582958466817497,-0.023979013217445555,262.7082719940604,-1.3596249208411482,51.99489033329986,45.5033631297258,10
303,0.09134822248276271,0.045706746840146195,262.53078816117545,-1.1555105738995046,52.09693512813864,44.74821968145876,10
304,-0.1798314266993728,-0.0645268218641526,262.53078816117545,-1.1555105738995046,52.11957483034811,44.70017173642886,10
305,0.08848320380742071,0.01882007502320704,262.53078816117545,-1.1555105738995046,52.142044985032754,44.65225092225803,10
306,-0.004788724751036978,0.19768450833090867,256.6059906873733,-4.508270288756248,58.45312927958155,39.23796963616171,10
307,-0.05684517286351618,0.04121965570149655,256.6059906873733,-4.508270288756248,58.473415103581445,39.17889264262126,10
308,0.06163389761455316,-0.23890416402920778,256.6059906873733,-4.508270288756248,58.49367806108847,39.119861286637246,10
309,0.060406253792324775,-0.17844723995903422,256.47509501583284,-3.6877109790406117,58.00758389273864,37.669753177304564,10
310,0.2276249013017533,-0.15586938291747288,256.47509501583284,-3.6877109790406117,58.02708796241141,37.610609919907006,10
311,-0.2880311552982907,0.33431662287330965,256.47509501583284,-3.6877109790406117,58.04658913332767,37.550869354473335,10
312,-0.14512459708872735,-0.13632719013827455,255.56957526124452,-11.413530404082517,65.05636021375858,44.86478771027977,10
313,-0.012688426370715877,-0.12560639910574878,255.56957526124452,-11.413530404082517,65.07892149021319,44.79729846194734,10
314,0.15781302345944323,0.26193358923123355,255.56957526124452,-11.413530404082517,65.10132555513167,44.72969256916876,10
315,-0.6840897742805131,-0.08820906985320676,252.06832962072508,-12.091843260070684,67.72039026048374,38.622069565412566,10
316,0.3434459378150106,0.5890325748374892,252.06832962072508,-12.091843260070684,67.74031261856976,38.54155855306462,10
317,0.34064383676564663,-0.5008235049906773,252.06832962072508,-12.091843260070684,67.76050178481523,38.46206610701856,10
318,0.060573195267338974,-0.017932564124834016,255.56973411525632,-11.41339840709312,65.25288775187992,44.2699682185239,10
319,-0.1076381256600838,-0.2456066326764983,255.56973411525632,-11.41339840709312,65.27526274344534,44.20163423008918,10
320,0.047064930292450013,0.2635391967949374,255.56973411525632,-11.41339840709312,65.2974102268072,44.13300864002794,10
321,0.5715201967103525,-0.5115223581157124,257.09267124875385,-14.581182556830425,66.755024109072,51.868292032627735,10
322,1.2708074862946421,-1.3724368447533664,257.09267124875385,-14.581182556830425,66.78024767742828,51.80427046975464,10
323,-1.8423276830049946,1.8839592028882635,257.09267124875385,-14.581182556830425,66.80533562936581,51.73628819528151,10
324,0.0004904906023124463,-0.2125422000254673,255.56979662360934,-11.413130175463957,65.44927912547232,43.66045410600082,10
325,0.07928890774369311,0.08386631459700311,255.56979662360934,-11.413130175463957,65.47127177004629,43.591004739149064,10
326,-0.07977939844630047,0.12867588540927954,255.56979662360934,-11.413130175463957,65.49336051931058,43.5213312461343,10
327,-0.2959111541576829,0.2668209692743062,252.61484240033937,-9.44707322616298,65.52791454176128,34.87468209378771,10
328,0.08724290347750992,-0.14222113825823612,252.61484240033937,-9.44707322616298,65.5462157069518,34.79874955727551,10
329,0.2086682507811034,-0.12459983101607008,252.61484240033937,-9.44707322616298,65.56444278616324,34.722307288316195,10
330,0.2983390166951325,-0.11224706033772236,255.56999851396083,-11.412917398444108,65.64304533816093,43.0435870322723,11
331,-0.21398503613287684,-0.0017695054125965726,255.56999851396083,-11.412917398444108,65.66516940903385,42.97213412316561,11
332,-0.0843539808631406,0.11401656575671382,255.56999851396083,-11.412917398444108,65.68693542869717,42.901622007002516,11
333,-1.744746638763517,-0.1955841570428163,254.6061380562804,-14.781807769590193,68.95853503563418,46.285808007358035,11
334,3.61041472915815,0.2758617455619117,254.6061380562804,-14.781807769590193,68.9806014239125,46.21247326664814,11
335,-1.8656680901967688,-0.0802775885127005,254.6061380562804,-14.781807769590193,69.00472680746772,46.13311415189552,11
336,-0.32353734081238605,-0.489024697984064,255.5701893299753,-11.412754280890184,65.8334521651887,42.42246932647043,11
337,0.12002805571971693,0.33986771182341613,255.5701893299753,-11.412754280890184,65.85486866925935,42.35067835224368,11
338,0.20350928529325915,0.14915698614146322,255.5701893299753,-11.412754280890184,65.87642957596222,42.27936483357878,11
339,0.022958085575099138,-0.11468364159128441,255.35727703253914,-14.906407396375227,68.782387489519,47.377319820501555,11
340,-0.16596087052113676,0.11622325150284496,255.35727703253914,-14.906407396375227,68.80592796880589,47.3024777366003,11
341,0.14300278484716275,-0.0015396098987707774,255.35727703253914,-14.906407396375227,68.82940466848386,47.2280074420445,11
342,0.10356733035544571,-0.16884528704466106,255.5702136006554,-11.412567449825135,66.02107773163497,41.79351144099689,11
343,0.08287080510939505,-0.09720276565090558,255.5702136006554,-11.412567449825135,66.04236354588959,41.72116150719985,11
344,-0.18643813556513586,0.26604805268277687,255.5702136006554,-11.412567449825135,66.06362419139485,41.648340029688626,11
345,0.008246521279871024,-0.2529691206461848,250.8154608316463,-19.134658287935746,75.0522784568751,44.7948081637173,11
346,0.08700248770162967,0.07625663323835852,250.8154608316463,-19.134658287935746,75.07471299608434,44.69081688052079,11
347,-0.09524900907816586,0.17671248739503653,250.8154608316463,-19.134658287935746,75.09727744139843,44.58612879902517,11
348,-0.11277754447335644,0.022736528474354145,251.5505880405717,-15.70324297761047,71.99018638253567,38.97896590530771,11
349,-0.026427793814465302,-0.19883987799005354,251.5505880405717,-15.70324297761047,72.01029169020612,38.88406338076158,11
350,0.13920533838632101,0.17610334952848916,251.5505880405717,-15.70324297761047,72.03024958894065,38.78851835360062,11
351,0.3442057083563294,-0.058312706740082376,250.81577438334048,-19.13442507489209,75.2478471492032,43.87498094097009,11
352,-0.18891112955810935,0.019765934681004182,250.81577438334048,-19.13442507489209,75.27007968213216,43.76807934401931,11
353,-0.1552945787982201,0.038546772059078194,250.81577438334048,-19.13442507489209,75.29222303093215,43.66120276150296,11
354,-0.15042482700161292,0.18925957198234755,248.45614424102564,-16.433488450156045,74.31218629827698,30.533575987760834,11
355,-0.31442202630696153,-0.034269454934587884,248.45614424102564,-16.433488450156045,74.32850294690185,30.41654240313497,11
356,0.46484685330857445,-0.15499011706054944,248.45614424102564,-16.433488450156045,74.34461174333553,30.300144351286644,11
357,-0.24536200588610677,0.1294003390583498,250.81587946503382,-19.134134746999795,75.44505422210158,42.90768661313162,11
358,0.08514460795604092,-0.10020084660880002,250.81587946503382,-19.134134746999795,75.46692039251666,42.7984999700299,11
359,0.1602173977367349,-0.02919949243676001,250.81587946503382,-19.134134746999795,75.48883302188584,42.68801302893427,11
360,-0.15199214529916416,0.263485691543508,250.8963793092173,-15.633633795835147,72.61788775872132,35.36510740324471,11
361,0.14822719084027522,-0.15594097126552242,250.8963793092173,-15.633633795835147,72.63647031728159,35.26327203096552,11
362,0.003764954557421786,-0.10754472028438045,250.8963793092173,-15.633633795835147,72.65493348920928,35.16080051875415,11
363,-0.1036547942612261,-0.1758880719663125,250.81592522805724,-19.13386403096982,75.63517041584143,41.93538966078852,12
364,-0.06356578089686991,0.07690068494952129,250.81592522805724,-19.13386403096982,75.65644418415506,41.82362689821298,12
365,0.16722057515809602,0.09898738701679122,250.81592522805724,-19.13386403096982,75.67771141613012,41.71177140396326,12
366,-1.0109884205204833,-0.36815872261826144,252.656583188607,-22.173609774699145,76.73453775972918,55.53169192766496,12
367,-0.5361909036696756,0.03303820102615873,252.656583188607,-22.173609774699145,76.76072518934369,55.43606033242335,12
368,1.5471793240006566,0.3351205215921027,252.656583188607,-22.173609774699145,76.78653846360359,55.34149158646129,12
369,-0.000994278863908331,-0.18693599992758436,250.81662171179582,-19.133214590454255,75.82568829900073,40.91424003287011,12
370,0.021582461194120568,0.08555123834952383,250.81662171179582,-19.133214590454255,75.84654027314622,40.79960814773946,12
371,-0.02058818223354623,0.10138476160364007,250.81662171179582,-19.133214590454255,75.86737745670727,40.68496705035145,12
372,0.12118050090595889,-0.9628687289023219,252.9901143141565,-16.30036266836041,72.40963390208323,40.408378056653575,12
373,-0.1232088724558664,-0.6011457509316642,252.9901143141565,-16.30036266836041,72.43030153060681,40.31244657982729,12
374,0.00202837164811283,1.5640144798467759,252.9901143141565,-16.30036266836041,72.45049044979669,40.21548166733779,12
375,-0.07791216225983344,-0.2045017139565175,250.8167873571565,-19.132935479299743,76.00803973965522,39.89438153251606,12
376,0.2215648957373958,-0.032216537162810255,250.8167873571565,-19.132935479299743,76.02841913263943,39.7773812989596,12
377,-0.1436527333808962,0.23671825113211753,250.8167873571565,-19.132935479299743,76.04887734663949,39.65913249517964,12
378,0.05065679207693411,0.03405623487537923,230.34826671798007,-19.07663460458571,74.43895291519512,312.6491733521161,12
379,0.06066974945835756,0.029026673851717533,230.34826671798007,-19.07663460458571,74.41535541985398,312.552611788281,12
380,-0.11132654172868982,-0.0630829087526763,230.34826671798007,-19.07663460458571,74.39161872547025,312.4557652577676,12
381,-0.07012201515756994,-0.17227727284421235,227.4274165886528,-16.92622462876997,70.86841028677672,310.33188704296145,12
382,0.36487181124097134,0.140781562753034,227.4274165886528,-16.92622462876997,70.84406594299905,310.25420428661084,12
383,-0.29474979618128716,0.03149571009117835,227.4274165886528,-16.92622462876997,70.81958863748937,310.17584234686143,12
384,0.37068391236310994,0.1753422825302664,230.34823470199476,-19.076492837815984,74.23039151510814,311.8108795386623,12
385,-0.16734889133895733,-0.02875354307292355,230.34823470199476,-19.076492837815984,74.20650918217017,311.7164465555044,12
386,-0.2033350214109492,-0.14658873945734285,230.34823470199476,-19.076492837815984,74.18240622949116,311.62167678240826,12
387,-0.04754698433506432,-0.1105382351667572,227.73138419069258,-16.60159059238553,70.61658970727179,310.9589288731546,12
388,-0.006389294007769054,-0.18197915933200193,227.73138419069258,-16.60159059238553,70.59240965778385,310.88064915791637,12
389,0.05393627853893934,0.29251739449875913,227.73138419069258,-16.60159059238553,70.56814418596325,310.8030282900879,12
390,-0.22894850348312384,0.005413943188159465,230.34807529131433,-19.076597567967422,74.01917601684696,310.9910966765923,12
391,0.31903224370570343,-0.11816079225468457,230.34807529131433,-19.076597567967422,73.9952000931707,310.89983083793976,12
392,-0.09008374041597778,0.1127468490665251,230.34807529131433,-19.076597567967422,73.97099902975013,310.80860038265115,12
393,-0.10524877217909304,0.04425517102220056,227.2982846208355,-21.064621246940188,73.04351502885217,298.68314816487145,12
394,-0.03888986761132289,0.3959118040640419,227.2982846208355,-21.064621246940188,73.0153805062713,298.6144999611629,12
395,0.14413863969493512,-0.44016697509903224,227.2982846208355,-21.064621246940188,72.98753507625705,298.54541469918684,12
396,-0.06744041274948051,-0.4582465131960589,230.34797183598857,-19.076511239890873,73.80158657962052,310.1776154101423,13
397,0.21382768909198135,0.15600417839465308,230.34797183598857,-19.076511239890873,73.7771343261305,310.08893416271115,13
398,-0.14638727653589914,0.3022423348141956,230.34797183598857,-19.076511239890873,73.75256772758785,309.99952796130015,13
399,0.03541447595324109,-0.06096768359924454,232.2663485949929,-22.06763168027658,77.05359388204349,306.04582751505205,13
400,0.0237308398655735,-0.32245944241822144,232.2663485949929,-22.06763168027658,77.02765077593722,305.94480821424133,13
401,-0.05914531581881459,0.38342712599188644,232.2663485949929,-22.06763168027658,77.00167779048965,305.8457501909052,13
402,0.07194045305962721,-0.007265767277431223,230.34788419031565,-19.076556585715835,73.58540687901602,309.3985706760667,13
403,-0.10744569945754558,0.0035835708544595946,230.34788419031565,-19.076556585715835,73.56066188729086,309.31109566784295,13
404,0.03550524639791836,0.0036821964229716286,230.34788419031565,-19.076556585715835,73.53600454201386,309.2242605990593,13
405,0.2798342488558591,-0.20055266888476808,226.8209901545882,-18.009370515488516,70.30363985629917,304.1761351316028,13
406,-0.32277447093900685,0.010294353324979966,226.8209901545882,-18.009370515488516,70.27701845148015,304.107219402327,13
407,0.04294022208314775,0.19025831557257789,226.8209901545882,-18.009370515488516,70.25050559672572,304.0387707751706,13
408,-0.8193543590934743,0.3499886028095034,230.34774692165874,-19.07644479710272,73.36755123953807,308.64102932533035,13
409,0.49942134428977863,-0.247291130484939,230.34774692165874,-19.07644479710272,73.34292763618603,308.5561056312171,13
410,0.3199330149970941,-0.10269747232456439,230.34774692165874,-19.07644479710272,73.31774552828531,308.4706094140044,13
411,-0.5574181654328006,0.10395545596182387,226.43145817960703,-11.339309494854263,64.94312895085397,314.86764871013787,13
412,0.41820921428328545,-0.18747976200614858,226.43145817960703,-11.339309494854263,64.9205028840478,314.80064952862404,13
413,0.13920895104919434,0.08352430603153493,226.43145817960703,-11.339309494854263,64.89767866126057,314.73383832354017,13
414,0.08546391423939448,0.20479568742928222,224.80731732388827,-8.224452079766264,61.4034750698698,316.0271830210861,13
415,0.12790959718532124,-0.17530074086096192,224.80731732388827,-8.224452079766264,61.381159790791514,315.9657259174315,13
416,-0.2133735111209182,-0.029494946561925417,224.80731732388827,-8.224452079766264,61.35886110215552,315.90496637976145,13
417,0.1496545541717499,-0.12557569503925947,226.43140483026977,-11.339343384715676,64.74320371020849,314.2842006231687,13
418,-0.03615029588257557,-0.02535959636844609,226.43140483026977,-11.339343384715676,64.72025379419313,314.2182561859917,13
419,-0.11350425818885342,0.15093529141410045,226.43140483026977,-11.339343384715676,64.69713711233511,314.1520906065462,13
420,-0.021332500283369416,0.013000922169226214,226.28493102525695,-14.834082694186435,67.14782136910694,308.0107037212326,13
421,0.08467227526793991,-0.08191164863831091,226.28493102525695,-14.834082694186435,67.12269192057342,307.94549783637456,13
422,-0.06333977488566248,0.06891072646268981,226.28493102525695,-14.834082694186435,67.09749613241712,307.88055125194194,13
423,-0.08331352575163523,0.821016728573909,224.34283416757503,-14.177163768449594,65.11782148426813,305.37432024079635,13
424,0.09810109314412387,0.11845150989344688,224.34283416757503,-14.177163768449594,65.09191634927285,305.31557695674485,13
425,-0.014787567392488639,-0.939468238460961,224.34283416757503,-14.177163768449594,65.06593721821459,305.25649332995744,13
426,-0.20334532303881492,-0.07902825956520587,226.4313885899453,-11.339255949247415,64.33488120083747,313.1354326583374,13
427,0.03795753638297909,0.10822679617774611,226.4313885899453,-11.339255949247415,64.31156750207482,313.0716175789916,13
428,0.16538778675615673,-0.029198536606145353,226.4313885899453,-11.339255949247415,64.28830338333866,313.0077825893553,13
429,0.21320439781573003,0.2107993231554417,228.9128385455779,-8.823243506447128,63.681465237556964,320.7472610889205,14
430,-0.14012713321438325,-0.21795553030869996,228.9128385455779,-8.823243506447128,63.66116604256063,320.6779441327154,14
431,-0.07307726460134677,0.007156207140468496,228.9128385455779,-8.823243506447128,63.64089203958302,320.60964673401253,14
432,-0.19849664112629703,-0.13898578006887874,226.4313520692758,-11.33928110237715,64.12824668692471,312.5738046856386,14
433,0.15206892673666042,-0.06740413527168698,226.4313520692758,-11.33928110237715,64.10471327842885,312.5107433865531,14
434,0.04642771428931572,0.20638991534056572,226.4313520692758,-11.33928110237715,64.08085274001613,312.4471679117008,14
435,0.06391477784588467,-0.5240370185212839,223.43181404721633,-9.442902272405659,60.65386380072138,310.21151394084916,14
436,-0.18464208283568984,-0.2554589571879262,223.43181404721633,-9.442902272405659,60.629409547301655,310.15636099110526,14
437,0.12072730488887347,0.7794959757092101,223.43181404721633,-9.442902272405659,60.60481946266233,310.10167234048055,14
438,0.05536966415581065,-0.39251184557329566,226.43137941295916,-11.339119610079834,63.92054266416162,312.02250182869204,14
439,-0.17367448018728068,0.18636313742774746,226.43137941295916,-11.339119610079834,63.896629971674976,311.9603467097204,14
440,0.11830481623211198,0.20614870812636354,226.43137941295916,-11.339119610079834,63.87287809010567,311.89823422451775,14
441,-0.12017024852244639,-0.2960764558212148,222.06263794077063,-3.4626154324063165,54.94657765037368,314.8982868392348,14
442,-0.2223637040893789,0.10840015054220942,222.06263794077063,-3.4626154324063165,54.923833098444895,314.8476313838326,14
443,0.34253395250969393,0.18767630527740664,222.06263794077063,-3.4626154324063165,54.90123441558846,314.79714696991374,14
444,-0.2544194092034637,-0.2008596103681981,223.84798225033887,-6.472025305246883,58.3102715313651,313.81983364581606,14
445,0.3486653067259855,-0.018053975118093035,223.84798225033887,-6.472025305246883,58.28722427005965,313.7655978260813,14
446,-0.09424589762418788,0.21891358549588347,223.84798225033887,-6.472025305246883,58.26380434631311,313.7106458954392,14
447,0.38822670100809037,-0.22287942335239563,222.0626752120937,-3.462717101443412,54.74690935770745,314.4539899454719,14
448,-0.1592499086587408,0.18910492014221347,222.0626752120937,-3.462717101443412,54.723844778748244,314.4035045206093,14
449,-0.2289767922472182,0.033774503205386,222.0626752120937,-3.462717101443412,54.70105922339856,314.35329111506053,14
450,-0.01068702091212215,0.23502205309569035,222.01594410857726,-6.960765742297766,57.30057509264352,310.15827154836427,14
451,-0.04445988147188842,-0.1149430874864521,222.01594410857726,-6.960765742297766,57.276237451948205,310.10749502206477,14
452,0.05514690218088256,-0.12007896560604081,222.01594410857726,-6.960765742297766,57.25165786646029,310.0565851434812,14
453,0.010957544082708687,-0.15868602109936347,222.0628898267752,-3.4625745370551297,54.546283399838266,314.0158319964401,14
454,-0.22570560873290466,0.039137602865757515,222.0628898267752,-3.4625745370551297,54.52320779826199,313.9660118357981,14
455,0.21474806505872143,0.11954841823040852,222.0628898267752,-3.4625745370551297,54.50023467941442,313.91642002134216,14
456,-0.010034190406445992,-0.015866854975499223,218.75080245571,-4.6131027664040865,53.162475043681056,308.2852437130538,14
457,0.07630119633005158,-0.2293638198537451,218.75080245571,-4.6131027664040865,53.13747093865401,308.2402177734456,14
458,-0.0662670058216189,0.2452306748356392,218.75080245571,-4.6131027664040865,53.112260867158426,308.1953682793213,14
459,-0.2084511548457451,0.16740612914620812,222.06282666810978,-3.4625614817854107,54.344183509260596,313.58171177289137,14
460,0.06510931920276841,-0.04824372661680343,222.06282666810978,-3.4625614817854107,54.32114877322625,313.53249768194615,14
461,0.14334183584723945,-0.11916240252940469,222.06282666810978,-3.4625614817854107,54.29791723701704,313.4830687572878,14
462,0.11486032207398658,-0.3591914962979975,221.29751181328444,-0.04860106411619667,51.07876979388864,315.8291191316784,15
463,0.10998957636014349,0.15805116465719693,221.29751181328444,-0.04860106411619667,51.05636556698605,315.7822347465322,15
464,-0.2248498986387663,0.20114033164080058,221.29751181328444,-0.04860106411619667,51.03391080018994,315.7349809788691,15
465,-0.11445546321911637,0.15568007961483943,222.06282832044482,-3.4625446143222436,54.13974647737805,313.14964054924525,15
466,0.1785274882472791,-0.1281845941040416,222.06282832044482,-3.4625446143222436,54.116413336405934,313.1005667610166,15
467,-0.0640720251302941,-0.027495485509199113,222.06282832044482,-3.4625446143222436,54.09299411669336,313.05169344899446,15
468,0.44849372296964435,-0.31419394625711305,218.55677543104343,-3.4944727436454417,51.770197798485356,308.5169906809481,15
469,-0.3520086416314293,0.4276962243102034,218.55677543104343,-3.4944727436454417,51.744862630969685,308.47304182109986,15
470,-0.09648508144034293,-0.11350227805309032,218.55677543104343,-3.4944727436454417,51.71991510470686,308.4289980801176,15
471,-0.2331248099795417,0.30094941563927335,222.06286577444044,-3.4625888428360327,53.93623669514118,312.72654673213106,15
472,0.05216458573265954,-0.10705081729387445,222.06286577444044,-3.4625888428360327,53.912897495719456,312.6781638370774,15
473,0.1809602240426194,-0.19389859834699763,222.06286577444044,-3.4625888428360327,53.88944219253437,312.62986998748505,15
474,0.2187394709084991,0.1117971853396682,217.79009961479483,4.4538218747244445,44.95108056945146,314.9176776734525,15
475,-0.06794579752808913,0.01006614706149378,217.79009961479483,4.4538218747244445,44.9284584966703,314.8764987704343,15
476,-0.1507936731763916,-0.12186333239156966,217.79009961479483,4.4538218747244445,44.905633761493085,314.8349966949733,15
477,0.1510597378716537,0.15429560023569877,215.0110046243033,2.3158505863994567,44.72269197431892,309.8059763190363,15
478,-0.06477827550492954,-0.25165805323954515,215.0110046243033,2.3158505863994567,44.69799494167633,309.7666383810971,15
479,-0.0862814620600204,0.09736245300064894,215.0110046243033,2.3158505863994567,44.67332930072563,309.7278505308262,15
480,-0.1283914973388184,0.04283701330614065,217.79004934213583,4.453894317372971,44.75252001402211,314.5590751749864,15
481,-0.10331424629462352,0.1409154467033602,217.79004934213583,4.453894317372971,44.72969736702939,314.5182122351599,15
482,0.23170574363344193,-0.18375246000310597,217.79004934213583,4.453894317372971,44.706987524202255,314.47734652259027,15
483,-0.1571443096892445,0.10608707228847436,218.97355925320116,7.747543359338796,42.71605518287801,318.4088384104925,15
484,-0.18421176497434516,-0.007813648905496962,218.97355925320116,7.747543359338796,42.69483415867798,318.3680808163371,15
485,0.34135607435943716,-0.09827342337658251,218.97355925320116,7.747543359338796,42.673710788810155,318.32758866526683,15
486,0.13163725872150908,-0.2593932376349528,217.79016739912683,4.453809908740776,44.55345042940816,314.2038196770135,15
487,-0.029808900866181966,0.10924148708504333,217.79016739912683,4.453809908740776,44.530403338766966,314.1632679042593,15
488,-0.10182835775331793,0.1501517505435146,217.79016739912683,4.453809908740776,44.507486870232725,314.1228030808143,15
489,-0.1362793051847018,0.06508700621346009,215.04010813710866,2.2791127564865157,44.33814010227553,309.1268775616805,15
490,0.12808618542457959,-0.12142686137703862,215.04010813710866,2.2791127564865157,44.31331943106969,309.08841226051555,15
491,0.008193119760122198,0.05633985516197981,215.04010813710866,2.2791127564865157,44.288447873303284,309.05013305904356,15
492,-0.3367105784727391,0.11190085087662283,217.79024723178236,4.453704253039198,44.35194881423621,313.8493319169739,15
493,-0.054892147856854145,-0.018674526290141102,217.79024723178236,4.453704253039198,44.32896132622117,313.809107578367,15
494,0.39160272632959325,-0.09322632458328428,217.79024723178236,4.453704253039198,44.305968227848844,313.7689684806171,15
495,0.1867618855769132,0.7033030004009788,214.28653071103977,4.664389979284238,41.841758423881984,310.201329159103,16
496,-0.03223297675421652,-0.790102904628398,214.28653071103977,4.664389979284238,41.81761975907052,310.1638199056136,16
497,-0.15452890882269668,0.08679990422422179,214.28653071103977,4.664389979284238,41.79295986046343,310.1269038097247,16
498,-0.4562525082810164,-0.010741764716115654,217.79043250045223,4.453738154826731,44.15033743889485,313.4992825038272,16
499,0.24956770131226674,-0.10262532186935402,217.79043250045223,4.453738154826731,44.127320220629876,313.45955119748254,16
500,0.20668480696874963,0.11336708658866712,217.79043250045223,4.453738154826731,44.10401071502154,313.4195643848741,16
501,-0.1200301958651096,0.19844336456316114,214.28642784563257,4.6605199955216605,41.631512883879395,309.8755170005367,16
502,-0.2618282329732115,-0.10711403652052809,214.28642784563257,4.6605199955216605,41.60701545546425,309.83856920939087,16
503,0.3818584287363413,-0.0913293280458305,214.28642784563257,4.6605199955216605,41.58256792549424,309.8019255114333,16
504,-0.04431976159057971,0.03130669657913643,217.79031768211914,4.45373860649859,43.94749891906426,313.1516692045803,16
505,-0.16979932188265529,-0.08052743441346877,217.79031768211914,4.45373860649859,43.92412243214809,313.11182348366873,16
506,0.214119083473235,0.04922073783433234,217.79031768211914,4.45373860649859,43.90053738569444,313.07183001657705,16
507,-0.14569502760541272,0.48425005561938406,213.3820253363035,12.319019827258748,34.9570264168987,314.9327940700224,16
508,0.07918886431763046,-0.2177118084915719,213.3820253363035,12.319019827258748,34.93454110081594,314.89823440454796,16
509,0.06650616308785774,-0.26653824712141727,213.3820253363035,12.319019827258748,34.91190151162451,314.8638370561752,16
510,-0.4792127178385276,0.10700162685495229,213.31470856063825,8.822077600396565,37.51003958520044,311.9567646005463,16
511,-0.023355583871983283,-0.03320841352945081,213.31470856063825,8.822077600396565,37.486352968799366,311.92179377937725,16
512,0.5025683018116185,-0.07379321333189637,213.31470856063825,8.822077600396565,37.46257374612975,311.88678462730513,16
513,-0.18873742873711766,0.08146214023341258,213.38213515030694,12.319055003980573,34.75866596738746,314.63258346197097,16
514,-0.002566294827629769,0.20654088028990714,213.38213515030694,12.319055003980573,34.73590761227915,314.5984337251272,16
515,0.19130372386463415,-0.2880030205297146,213.38213515030694,12.319055003980573,34.71328008261618,314.56419045959365,16
516,-0.06495346301342902,0.020396514928222587,211.47310275934674,9.35826376157465,35.70053707633026,310.3899640839057,16
517,0.09792033919998369,-0.43887285445478597,211.47310275934674,9.35826376157465,35.676262292181605,310.3563256460186,16
518,-0.03296687598464188,0.4184763395201685,211.47310275934674,9.35826376157465,35.65164415008779,310.3229301712223,16
519,-0.24333933927772217,0.0012681861065289013,213.38228747697784,12.319098096864598,34.560152002218366,314.3355901861398,16
520,0.16417742680913472,-0.1221247376058443,213.38228747697784,12.319098096864598,34.537343042369955,314.3016013152875,16
521,0.07916191256854967,0.12085655151210517,213.38228747697784,12.319098096864598,34.51415909309457,314.267292617652,16
522,-0.07386304343988957,-0.2027487521232274,216.55649406661504,13.938760719559776,35.07047795125798,318.37038147103647,16
523,-0.06822022221292288,0.0007448473070326145,216.55649406661504,13.938760719559776,35.04917340859714,318.3349946377867,16
524,0.14208326565281246,0.20200390482258967,216.55649406661504,13.938760719559776,35.02796504697985,318.2998136492264,16
525,0.28914993697380803,-0.06962727102717281,213.3825215862834,12.31885285660672,34.36064876316564,314.0397801425942,16
526,-0.3101025181738632,0.29774163327473957,213.3825215862834,12.31885285660672,34.33740314269412,314.00577202035953,16
527,0.02095258130001749,-0.228114362234777,213.3825215862834,12.31885285660672,34.314532504662886,313.9718851702586,16
528,-0.045317672191733646,-0.05472743515966272,216.7891899630866,13.396243782888853,35.45538005764111,317.8907920096382,17
529,0.006981922847494637,0.06517775924734792,216.7891899630866,13.396243782888853,35.433891793334446,317.85526999362446,17
530,0.03833574904563645,-0.010450324087685203,216.7891899630866,13.396243782888853,35.412432663949716,317.8197314850842,17
531,-0.0626210005734127,0.0524324467235715,213.38250607227974,12.318818766941684,34.160500374461755,313.74667901350324,17
532,0.2875672752925973,-0.05861355085770015,213.38250607227974,12.318818766941684,34.1374896605846,313.71312296434473,17
533,-0.2249462746192223,0.0061811041341286455,213.38250607227974,12.318818766941684,34.114271573387356,313.67939813266395,17
534,0.0034328919636753105,-0.06331344035288566,216.6905428176843,13.658158327318972,35.00081787425743,317.6795319224939,17
535,-0.2894222925270173,-0.033106889121370386,216.6905428176843,13.658158327318972,34.97902757902891,317.64394561861315,17
536,0.28598940036449244,0.09642032947425605,216.6905428176843,13.658158327318972,34.957507603610864,317.6089041640412,17
537,-0.1047126717381248,-0.02578822877481457,213.382704887935,12.318721353187506,33.958298338598695,313.4534838119965,17
538,0.1333466603998509,-0.0011098943332399358,213.382704887935,12.318721353187506,33.93509607632848,313.4200774398969,17
539,-0.028633988761688475,0.026898123095264737,213.382704887935,12.318721353187506,33.91181821763868,313.3866042820254,17
540,-0.116348070075607,0.2875712530951091,208.59115299857794,20.03167237357965,24.966858143796014,314.94412320674564,17
541,0.17234059765444926,-0.2562962594154783,208.59115299857794,20.03167237357965,24.944352753968065,314.9148853621296,17
542,-0.05599252777109876,-0.031274993679630825,208.59115299857794,20.03167237357965,24.92157761295126,314.88569314738345,17
