,dT,Res ra,Res dec,Res az,Res alt,Base Ra,Base Dec,Base Az,Base Alt,Snakes,UTC
621,0,0.0,0.0,0.0,0.0,157.01585774482118,-12.61573387312881,59.6157118430261,60.246586755784335,5,2023-03-09 02:18:39
622,9,0.1835352007333313,0.05349886687895378,-169.08190035784685,99.18449076548654,157.01585774482118,-12.61573387312881,59.6157118430261,60.246586755784335,5,2023-03-09 02:18:48
623,18,0.36113401124566735,0.23389521415353443,-337.9631714603022,197.85716326325655,157.01585774482118,-12.61573387312881,59.6157118430261,60.246586755784335,5,2023-03-09 02:18:57
624,26,-0.3533435743293012,0.260301625304038,-507.9719358712026,297.2286491065205,157.01585774482118,-12.61573387312881,59.6157118430261,60.246586755784335,5,2023-03-09 02:19:05
625,42,-1262.142104394286,12535.449689756138,-20514.460404467387,-7126.859571051426,157.01585774482118,-12.61573387312881,59.6157118430261,60.246586755784335,5,2023-03-09 02:19:21
626,51,-1261.5597611703265,12535.880647010745,-20690.699565761905,-7034.796125533861,157.01585774482118,-12.61573387312881,59.6157118430261,60.246586755784335,5,2023-03-09 02:19:30
627,60,-1261.6434251507485,12536.132997764715,-20867.68230264166,-6942.273265969371,157.01585774482118,-12.61573387312881,59.6157118430261,60.246586755784335,5,2023-03-09 02:19:39
628,69,-1261.9252079491616,12536.105565640737,-21045.002657262667,-6849.362361253975,157.01585774482118,-12.61573387312881,59.6157118430261,60.246586755784335,5,2023-03-09 02:19:48
629,84,0.6201935941703596,0.06917323561950184,-1621.828112223122,943.9419763764818,157.01585774482118,-12.61573387312881,59.6157118430261,60.246586755784335,5,2023-03-09 02:20:03
630,93,0.6881508185301755,0.40735579074393513,-1795.1604254096565,1043.251275967208,157.01585774482118,-12.61573387312881,59.6157118430261,60.246586755784335,5,2023-03-09 02:20:12
631,102,0.8757504320442422,0.6322258172922091,-1966.7603796228889,1141.536959661582,157.01585774482118,-12.61573387312881,59.6157118430261,60.246586755784335,5,2023-03-09 02:20:21
632,111,0.8815428336106379,0.6515048968921633,-2139.200617664227,1240.4207563509658,157.01585774482118,-12.61573387312881,59.6157118430261,60.246586755784335,5,2023-03-09 02:20:30
633,127,-4655.83819253909,-11707.037501622151,10991.598288271496,12285.334341826472,157.01585774482118,-12.61573387312881,59.6157118430261,60.246586755784335,5,2023-03-09 02:20:46
634,136,-4655.710849726904,-11706.835454151033,10815.843671725774,12388.259579126352,157.01585774482118,-12.61573387312881,59.6157118430261,60.246586755784335,5,2023-03-09 02:20:55
636,153,-4655.8254809351865,-11706.982605223038,10467.314201294712,12592.594955347988,157.01585774482118,-12.61573387312881,59.6157118430261,60.246586755784335,5,2023-03-09 02:21:12
637,169,0.7615908592924825,0.9673181455198687,-3273.293965506903,1885.4735391422764,157.01585774482118,-12.61573387312881,59.6157118430261,60.246586755784335,5,2023-03-09 02:21:28
638,178,0.9416844761631182,1.2347531325843875,-3447.3702735186093,1983.388591217917,157.01585774482118,-12.61573387312881,59.6157118430261,60.246586755784335,5,2023-03-09 02:21:37
639,187,0.9056952785954309,1.256338375156929,-3621.074693561678,2081.268436103946,157.01585774482118,-12.61573387312881,59.6157118430261,60.246586755784335,5,2023-03-09 02:21:46
640,196,1.0848780611013353,1.066961082346296,-3794.5744772217213,2179.1553190160216,157.01585774482118,-12.61573387312881,59.6157118430261,60.246586755784335,5,2023-03-09 02:21:55
641,212,-8993.1228276316,-8816.932540716241,-1844.3329948909707,14722.816010329341,157.01585774482118,-12.61573387312881,59.6157118430261,60.246586755784335,5,2023-03-09 02:22:11
642,220,-8993.28912964545,-8817.173043744895,-2034.2661287400033,14821.748131369224,157.01585774482118,-12.61573387312881,59.6157118430261,60.246586755784335,5,2023-03-09 02:22:19
643,229,-8993.643254424205,-8816.985924000748,-2224.9975178362065,14920.195108369428,157.01585774482118,-12.61573387312881,59.6157118430261,60.246586755784335,5,2023-03-09 02:22:28
644,238,-8993.694190866903,-8817.583907757275,-2414.489879317719,15018.995408614415,157.01585774482118,-12.61573387312881,59.6157118430261,60.246586755784335,5,2023-03-09 02:22:37
645,254,1.0539504899156782,1.443386804548652,-4951.05590475251,2824.0519630645394,157.01585774482118,-12.61573387312881,59.6157118430261,60.246586755784335,5,2023-03-09 02:22:53
646,263,1.5196896911561453,1.5665442112087646,-5127.128115988287,2921.367767862205,157.01585774482118,-12.61573387312881,59.6157118430261,60.246586755784335,5,2023-03-09 02:23:02
647,272,1.3507308615089642,1.1329649033150702,-5304.061597864049,3019.801296044821,157.01585774482118,-12.61573387312881,59.6157118430261,60.246586755784335,5,2023-03-09 02:23:11
648,280,1.4017104774552536,1.358113579638598,-5481.582469212372,3117.3550252524906,157.01585774482118,-12.61573387312881,59.6157118430261,60.246586755784335,5,2023-03-09 02:23:19
649,296,-12584.586944105706,-488.50078333163435,-23171.377148514286,12594.48682426779,157.01585774482118,-12.61573387312881,59.6157118430261,60.246586755784335,5,2023-03-09 02:23:35
650,305,-12584.619423299057,-488.4123954094946,-23378.44034689142,12686.43584616577,157.01585774482118,-12.61573387312881,59.6157118430261,60.246586755784335,5,2023-03-09 02:23:44
652,323,-12584.260373707206,-488.4348569134538,-23791.974545285117,12869.68865588866,157.01585774482118,-12.61573387312881,59.6157118430261,60.246586755784335,5,2023-03-09 02:24:02
653,338,2.123067697607439,1.7928311679973774,-6642.7257775046255,3751.996903042709,157.01585774482118,-12.61573387312881,59.6157118430261,60.246586755784335,5,2023-03-09 02:24:17
654,347,1.7292204944624245,1.6603720762383034,-6821.890032090647,3849.4514704139788,157.01585774482118,-12.61573387312881,59.6157118430261,60.246586755784335,5,2023-03-09 02:24:26
655,356,1.5750217172467273,1.9271781672316024,-7001.938102974896,3946.5773715870937,157.01585774482118,-12.61573387312881,59.6157118430261,60.246586755784335,5,2023-03-09 02:24:35
656,365,1.9706869209130673,2.0663364989118804,-7180.958845346376,4043.135622092234,157.01585774482118,-12.61573387312881,59.6157118430261,60.246586755784335,5,2023-03-09 02:24:44
657,380,11013.830894942545,6113.703228419797,-2448.1790423882103,-7912.002758780631,157.01585774482118,-12.61573387312881,59.6157118430261,60.246586755784335,5,2023-03-09 02:24:59
658,389,11013.890989713354,6113.343044455254,-2609.6543360921914,-7813.4752177786995,157.01585774482118,-12.61573387312881,59.6157118430261,60.246586755784335,5,2023-03-09 02:25:08
659,398,11013.807779335604,6113.612018821548,-2772.4534768270446,-7715.285598278262,157.01585774482118,-12.61573387312881,59.6157118430261,60.246586755784335,5,2023-03-09 02:25:17
660,407,11014.163772542179,6113.7605429145915,-2934.4471155744827,-7617.582655257575,157.01585774482118,-12.61573387312881,59.6157118430261,60.246586755784335,5,2023-03-09 02:25:26
669,0,0.0,0.0,0.0,0.0,51.35895055249991,-50.110503252344316,224.97570012277592,24.91305764457003,0,2023-03-09 02:45:05
670,9,0.30499913624453256,0.20088002879674605,-29.564466841122794,-82.70112135827645,51.35895055249991,-50.110503252344316,224.97570012277592,24.91305764457003,0,2023-03-09 02:45:14
671,17,0.37270988637772007,-0.46756652478734395,-59.59334850185769,-163.788664526885,51.35895055249991,-50.110503252344316,224.97570012277592,24.91305764457003,0,2023-03-09 02:45:22
672,38,12579.351368761101,424.28399300459034,2929.7233479326565,7251.186657647769,51.35895055249991,-50.110503252344316,224.97570012277592,24.91305764457003,0,2023-03-09 02:45:43
673,47,12580.355982603558,423.9839914166282,2903.214078107692,7169.328781996468,51.35895055249991,-50.110503252344316,224.97570012277592,24.91305764457003,0,2023-03-09 02:45:52
674,56,12580.547409379045,423.8588709141766,2876.6968045320027,7086.921319963784,51.35895055249991,-50.110503252344316,224.97570012277592,24.91305764457003,0,2023-03-09 02:46:01
675,77,2.3152712605224224,-0.6641515408034593,-256.6121806753699,-706.5767736145091,51.35895055249991,-50.110503252344316,224.97570012277592,24.91305764457003,0,2023-03-09 02:46:22
676,86,2.0138871853220053,-0.6100961293668661,-286.42145098098126,-788.568399735658,51.35895055249991,-50.110503252344316,224.97570012277592,24.91305764457003,0,2023-03-09 02:46:31
677,95,1.970676118290271,-1.0030220934396539,-316.53304283440775,-869.8615611999046,51.35895055249991,-50.110503252344316,224.97570012277592,24.91305764457003,0,2023-03-09 02:46:40
678,115,12584.708769656212,295.90983921545444,2561.815733067124,6571.653824274083,51.35895055249991,-50.110503252344316,224.97570012277592,24.91305764457003,0,2023-03-09 02:47:00
679,125,12585.064506840945,296.05624476799335,2533.1524799299586,6482.4575399505375,51.35895055249991,-50.110503252344316,224.97570012277592,24.91305764457003,0,2023-03-09 02:47:10
680,134,12586.21093516218,295.54105499299226,2506.131894906582,6400.854645610068,51.35895055249991,-50.110503252344316,224.97570012277592,24.91305764457003,0,2023-03-09 02:47:19
681,154,3.3222479822285322,-1.7906965654162832,-516.0653033773656,-1411.6561145626547,51.35895055249991,-50.110503252344316,224.97570012277592,24.91305764457003,0,2023-03-09 02:47:39
682,163,3.431692296473443,-1.792489715134593,-545.9338961596359,-1492.731699595649,51.35895055249991,-50.110503252344316,224.97570012277592,24.91305764457003,0,2023-03-09 02:47:48
683,172,3.384201423415334,-1.6371504395095826,-575.7458357155656,-1574.045909431875,51.35895055249991,-50.110503252344316,224.97570012277592,24.91305764457003,0,2023-03-09 02:47:57
684,192,-7169.615271322235,-10349.554367971416,-12965.946956996846,-2704.212650642772,51.35895055249991,-50.110503252344316,224.97570012277592,24.91305764457003,0,2023-03-09 02:48:17
685,201,-7168.966558216294,-10349.494942348952,-12994.16804883175,-2780.0444368593376,51.35895055249991,-50.110503252344316,224.97570012277592,24.91305764457003,0,2023-03-09 02:48:26
686,210,-7169.011469996573,-10349.559055833266,-13022.660339987295,-2856.121764306336,51.35895055249991,-50.110503252344316,224.97570012277592,24.91305764457003,0,2023-03-09 02:48:35
687,231,4.282076829440484,-2.4080511145427863,-777.2930276387456,-2115.426705646773,51.35895055249991,-50.110503252344316,224.97570012277592,24.91305764457003,0,2023-03-09 02:48:56
688,240,4.389465245705537,-2.678497864363294,-807.6454415005742,-2196.085710858364,51.35895055249991,-50.110503252344316,224.97570012277592,24.91305764457003,0,2023-03-09 02:49:05
689,249,4.224651111397293,-2.575218919952249,-838.0275934355268,-2277.8863446182713,51.35895055249991,-50.110503252344316,224.97570012277592,24.91305764457003,0,2023-03-09 02:49:14
690,269,-5835.6066427542455,11147.036229392017,9073.10690057377,-9888.672960900265,51.35895055249991,-50.110503252344316,224.97570012277592,24.91305764457003,0,2023-03-09 02:49:34
691,278,-5835.359454140681,11146.9127296158,9037.591072133557,-9973.352499851979,51.35895055249991,-50.110503252344316,224.97570012277592,24.91305764457003,0,2023-03-09 02:49:43
692,287,-5834.818101594454,11146.65944770779,9002.023092598687,-10057.708205394005,51.35895055249991,-50.110503252344316,224.97570012277592,24.91305764457003,0,2023-03-09 02:49:52
693,308,5.997611155646609,-3.0347461520648267,-1041.2718917748862,-2818.9087059899935,51.35895055249991,-50.110503252344316,224.97570012277592,24.91305764457003,0,2023-03-09 02:50:13
694,317,5.963122119200648,-3.2153167553474304,-1071.986055884929,-2899.938393095417,51.35895055249991,-50.110503252344316,224.97570012277592,24.91305764457003,0,2023-03-09 02:50:22
695,326,5.873086152038809,-3.335277403789405,-1102.6659564453553,-2980.963405475772,51.35895055249991,-50.110503252344316,224.97570012277592,24.91305764457003,0,2023-03-09 02:50:31
696,346,-12571.181145823504,319.49086072656314,-3857.588194237155,-10862.96274472892,51.35895055249991,-50.110503252344316,224.97570012277592,24.91305764457003,0,2023-03-09 02:50:51
697,355,-12571.208111944157,319.3298611639534,-3891.588130357718,-10942.814900743047,51.35895055249991,-50.110503252344316,224.97570012277592,24.91305764457003,0,2023-03-09 02:51:00
698,364,-12570.783703239931,319.1372169252162,-3925.4903450860866,-11022.259058158083,51.35895055249991,-50.110503252344316,224.97570012277592,24.91305764457003,0,2023-03-09 02:51:09
699,385,8.318201407266201,-3.661538332258374,-1307.8337825223684,-3521.6822580392263,51.35895055249991,-50.110503252344316,224.97570012277592,24.91305764457003,0,2023-03-09 02:51:30
700,394,8.251731370009452,-3.6568975786337887,-1338.5664325940752,-3602.4614666494117,51.35895055249991,-50.110503252344316,224.97570012277592,24.91305764457003,0,2023-03-09 02:51:39
701,403,8.95500070781452,-3.735313071970836,-1369.3251421675768,-3682.953714402933,51.35895055249991,-50.110503252344316,224.97570012277592,24.91305764457003,0,2023-03-09 02:51:48
702,0,0.0,0.0,0.0,0.0,68.89175872058776,-52.148171877857585,225.0114312397338,34.9581524713748,1,2023-03-09 02:52:21
703,9,-0.5365914333026467,-0.17641984068177408,-10.502289314763402,-81.74822386095855,68.89175872058776,-52.148171877857585,225.0114312397338,34.9581524713748,1,2023-03-09 02:52:30
704,18,-0.25420343503128606,-0.4998880992729937,-21.18617626442756,-163.12907257250515,68.89175872058776,-52.148171877857585,225.0114312397338,34.9581524713748,1,2023-03-09 02:52:39
705,39,6938.141791087406,10508.824092435398,13334.132408088339,2895.53258236669,68.89175872058776,-52.148171877857585,225.0114312397338,34.9581524713748,1,2023-03-09 02:53:00
706,48,6938.706391212804,10509.198403556735,13322.190040133228,2809.25672396844,68.89175872058776,-52.148171877857585,225.0114312397338,34.9581524713748,1,2023-03-09 02:53:09
707,56,6938.569865195177,10509.138224506767,13309.595406943958,2722.4964436785854,68.89175872058776,-52.148171877857585,225.0114312397338,34.9581524713748,1,2023-03-09 02:53:17
708,77,1.7232785301530384,-0.4692267491293478,-91.04046325497848,-706.8252278173077,68.89175872058776,-52.148171877857585,225.0114312397338,34.9581524713748,1,2023-03-09 02:53:38
709,86,0.7317943892587664,-0.6902639444348324,-102.03297605195303,-788.8922408502481,68.89175872058776,-52.148171877857585,225.0114312397338,34.9581524713748,1,2023-03-09 02:53:47
710,95,1.5282839071062426,-0.8582992839080816,-112.85619147859052,-869.7818245574126,68.89175872058776,-52.148171877857585,225.0114312397338,34.9581524713748,1,2023-03-09 02:53:56
711,116,11496.716932443582,-5125.216669282898,-5784.448517109593,6245.2141618979,68.89175872058776,-52.148171877857585,225.0114312397338,34.9581524713748,1,2023-03-09 02:54:17
712,125,11497.031201127158,-5124.610410540413,-5788.510338902142,6166.159235164304,68.89175872058776,-52.148171877857585,225.0114312397338,34.9581524713748,1,2023-03-09 02:54:26
713,133,11497.65255644569,-5124.927219855911,-5793.751040260281,6087.4731413160935,68.89175872058776,-52.148171877857585,225.0114312397338,34.9581524713748,1,2023-03-09 02:54:34
714,154,2.312557830964579,-0.652686664446378,-185.16574369045884,-1413.8465587406954,68.89175872058776,-52.148171877857585,225.0114312397338,34.9581524713748,1,2023-03-09 02:54:55
715,163,2.2649212948408604,-1.145510107991754,-196.86851536547465,-1495.774960268156,68.89175872058776,-52.148171877857585,225.0114312397338,34.9581524713748,1,2023-03-09 02:55:04
716,172,2.702991977673719,-1.3669856747611675,-208.1624026849454,-1576.7934915277067,68.89175872058776,-52.148171877857585,225.0114312397338,34.9581524713748,1,2023-03-09 02:55:13
717,193,-12383.641814607477,2264.6080893914955,1218.4910282172723,-9657.017100726842,68.89175872058776,-52.148171877857585,225.0114312397338,34.9581524713748,1,2023-03-09 02:55:34
718,202,-12380.785694894364,2268.8438759005976,1207.7120063505504,-9737.91443832408,68.89175872058776,-52.148171877857585,225.0114312397338,34.9581524713748,1,2023-03-09 02:55:43
719,211,-12380.360005361512,2268.7955660948037,1191.6078847001359,-9819.594440596737,68.89175872058776,-52.148171877857585,225.0114312397338,34.9581524713748,1,2023-03-09 02:55:52
720,231,3.665952266948125,-1.273381281635011,-283.20163034318284,-2120.716537904414,68.89175872058776,-52.148171877857585,225.0114312397338,34.9581524713748,1,2023-03-09 02:56:12
721,240,3.8124402033020033,-1.2247121505993164,-294.55554361898066,-2202.0734208246126,68.89175872058776,-52.148171877857585,225.0114312397338,34.9581524713748,1,2023-03-09 02:56:21
722,249,4.417391746727617,-1.429359504638228,-306.25182807941655,-2283.3426304374,68.89175872058776,-52.148171877857585,225.0114312397338,34.9581524713748,1,2023-03-09 02:56:30
723,270,11329.140985872215,-5494.5996039360725,-6339.4390706251215,4790.332237241853,68.89175872058776,-52.148171877857585,225.0114312397338,34.9581524713748,1,2023-03-09 02:56:51
724,279,11328.879593811296,-5494.360697874726,-6344.727275569835,4711.332639947949,68.89175872058776,-52.148171877857585,225.0114312397338,34.9581524713748,1,2023-03-09 02:57:00
725,287,11328.942109651098,-5494.588721510207,-6350.640283238898,4632.3916912145105,68.89175872058776,-52.148171877857585,225.0114312397338,34.9581524713748,1,2023-03-09 02:57:08
726,308,4.743899876240221,-1.631296439933294,-384.02143439428755,-2825.706130152517,68.89175872058776,-52.148171877857585,225.0114312397338,34.9581524713748,1,2023-03-09 02:57:29
727,317,5.150772963986583,-1.8620686490066873,-396.0581609223482,-2906.7541806257395,68.89175872058776,-52.148171877857585,225.0114312397338,34.9581524713748,1,2023-03-09 02:57:38
728,326,5.4567228914720545,-1.8452620257647823,-407.8432256178644,-2987.8418582096174,68.89175872058776,-52.148171877857585,225.0114312397338,34.9581524713748,1,2023-03-09 02:57:47
729,347,9316.616842401834,8475.867006962215,10634.589855137745,1668.5566154987982,68.89175872058776,-52.148171877857585,225.0114312397338,34.9581524713748,1,2023-03-09 02:58:08
730,356,9315.487985878644,8473.491104080395,10619.265668097818,1582.5582749322393,68.89175872058776,-52.148171877857585,225.0114312397338,34.9581524713748,1,2023-03-09 02:58:17
731,365,9317.379311572693,8475.632314377515,10609.67482345286,1497.9884765365853,68.89175872058776,-52.148171877857585,225.0114312397338,34.9581524713748,1,2023-03-09 02:58:26
732,385,5.479542673606375,-2.3631389439970008,-488.5264196540561,-3529.9428787810853,68.89175872058776,-52.148171877857585,225.0114312397338,34.9581524713748,1,2023-03-09 02:58:46
733,394,5.8477235997372645,-2.1707433961069,-500.43357034303426,-3611.004749802649,68.89175872058776,-52.148171877857585,225.0114312397338,34.9581524713748,1,2023-03-09 02:58:55
734,403,6.610198535662448,-2.4116045782164974,-512.9315374548696,-3692.1958295959457,68.89175872058776,-52.148171877857585,225.0114312397338,34.9581524713748,1,2023-03-09 02:59:04
735,0,0.0,0.0,0.0,0.0,87.0059149819873,-51.99727539660099,225.02934724306573,44.95215398779296,2,2023-03-09 02:59:37
736,9,-0.6943321742710395,-0.7894296341362406,13.097155046227726,-82.31732328623309,87.0059149819873,-51.99727539660099,225.02934724306573,44.95215398779296,2,2023-03-09 02:59:46
737,18,-0.24080822655605516,-0.4986234118973698,27.441984702022637,-163.38574107693944,87.0059149819873,-51.99727539660099,225.02934724306573,44.95215398779296,2,2023-03-09 02:59:55
738,39,11931.458498091813,-4007.329705009991,-7253.49690858776,6177.2968049587835,87.0059149819873,-51.99727539660099,225.02934724306573,44.95215398779296,2,2023-03-09 03:00:16
739,47,11931.584591357716,-4007.6781565644496,-7231.93229990884,6098.692295084427,87.0059149819873,-51.99727539660099,225.02934724306573,44.95215398779296,2,2023-03-09 03:00:24
740,56,11931.39800230751,-4007.72576009266,-7209.96436088999,6019.961655660617,87.0059149819873,-51.99727539660099,225.02934724306573,44.95215398779296,2,2023-03-09 03:00:33
741,77,2.1686162763785433,0.48313918641156306,119.95365428657578,-703.9836625113594,87.0059149819873,-51.99727539660099,225.02934724306573,44.95215398779296,2,2023-03-09 03:00:54
742,86,2.4667397980238093,0.5025792009888619,133.43693793814282,-785.4020535466645,87.0059149819873,-51.99727539660099,225.02934724306573,44.95215398779296,2,2023-03-09 03:01:03
743,95,2.815353357419781,0.1825960981392427,146.42703884537696,-867.1711640402577,87.0059149819873,-51.99727539660099,225.02934724306573,44.95215398779296,2,2023-03-09 03:01:12
744,115,-12462.866536275027,1733.489131323853,3508.3507361653574,-8589.319806342806,87.0059149819873,-51.99727539660099,225.02934724306573,44.95215398779296,2,2023-03-09 03:01:32
745,124,-12461.946074277768,1733.045869854135,3513.99185413145,-8671.547968898298,87.0059149819873,-51.99727539660099,225.02934724306573,44.95215398779296,2,2023-03-09 03:01:41
746,133,-12461.46739347717,1732.9370746403497,3520.0659298735673,-8754.275950996933,87.0059149819873,-51.99727539660099,225.02934724306573,44.95215398779296,2,2023-03-09 03:01:50
747,154,3.027041625870197,0.0760339485196937,234.22597815913377,-1412.973389566099,87.0059149819873,-51.99727539660099,225.02934724306573,44.95215398779296,2,2023-03-09 03:02:11
748,163,3.257604661746427,0.2027024798508137,247.23675159788172,-1494.2586423993987,87.0059149819873,-51.99727539660099,225.02934724306573,44.95215398779296,2,2023-03-09 03:02:20
749,172,3.6348327794428315,0.17722637836641297,259.95455617046446,-1575.4859866433121,87.0059149819873,-51.99727539660099,225.02934724306573,44.95215398779296,2,2023-03-09 03:02:29
750,192,-12154.065292689336,-3278.379010730046,-3222.3906920842637,-9455.381700651635,87.0059149819873,-51.99727539660099,225.02934724306573,44.95215398779296,2,2023-03-09 03:02:49
751,201,-12153.939986017673,-3278.6900525231486,-3214.7190000827777,-9535.521038318939,87.0059149819873,-51.99727539660099,225.02934724306573,44.95215398779296,2,2023-03-09 03:02:58
752,210,-12153.95270628767,-3278.4803258838424,-3206.4070704317714,-9615.615509622,87.0059149819873,-51.99727539660099,225.02934724306573,44.95215398779296,2,2023-03-09 03:03:07
753,231,4.209319640341391,0.10008272659263184,343.586527022444,-2119.9984779552497,87.0059149819873,-51.99727539660099,225.02934724306573,44.95215398779296,2,2023-03-09 03:03:28
754,240,4.680099193154774,-0.28168897033822304,355.2906902136101,-2201.305336987261,87.0059149819873,-51.99727539660099,225.02934724306573,44.95215398779296,2,2023-03-09 03:03:37
755,249,4.806925719395849,-0.1396066840243293,367.6987701894518,-2282.8386022102704,87.0059149819873,-51.99727539660099,225.02934724306573,44.95215398779296,2,2023-03-09 03:03:46
756,269,-10042.039294665125,7594.381958815365,11452.758462120233,-8249.095863432982,87.0059149819873,-51.99727539660099,225.02934724306573,44.95215398779296,2,2023-03-09 03:04:06
757,278,-10042.448155618615,7594.365947433474,11456.316231830533,-8335.82228430693,87.0059149819873,-51.99727539660099,225.02934724306573,44.95215398779296,2,2023-03-09 03:04:15
758,287,-10042.243922633736,7594.622274644451,11460.131275161508,-8421.317866751713,87.0059149819873,-51.99727539660099,225.02934724306573,44.95215398779296,2,2023-03-09 03:04:24
759,308,5.3075052788699395,0.01712330053749156,447.71464818431923,-2827.3820630985765,87.0059149819873,-51.99727539660099,225.02934724306573,44.95215398779296,2,2023-03-09 03:04:45
760,317,6.0021762935207335,0.18539309459129072,459.66529425096496,-2909.1176829453957,87.0059149819873,-51.99727539660099,225.02934724306573,44.95215398779296,2,2023-03-09 03:04:54
761,326,5.776238547286994,-0.019125796472962975,471.04452854584906,-2990.9634202970637,87.0059149819873,-51.99727539660099,225.02934724306573,44.95215398779296,2,2023-03-09 03:05:03
762,346,10606.512535256184,6793.080609480055,9030.20389454382,4185.039760062179,87.0059149819873,-51.99727539660099,225.02934724306573,44.95215398779296,2,2023-03-09 03:05:23
763,355,10606.051728491047,6792.879274419687,9043.557701817019,4100.111698741022,87.0059149819873,-51.99727539660099,225.02934724306573,44.95215398779296,2,2023-03-09 03:05:32
764,364,10606.687150398573,6792.684450367781,9056.775898453054,4015.614338875167,87.0059149819873,-51.99727539660099,225.02934724306573,44.95215398779296,2,2023-03-09 03:05:41
765,385,6.547347679622817,-0.2141618786311028,546.5606896282452,-3534.786740169366,87.0059149819873,-51.99727539660099,225.02934724306573,44.95215398779296,2,2023-03-09 03:06:02
766,393,6.6653387249346,-0.054958712831876255,557.8870144215557,-3616.303198880226,87.0059149819873,-51.99727539660099,225.02934724306573,44.95215398779296,2,2023-03-09 03:06:10
767,402,6.516339439883723,-0.18765004017211595,568.7718495102445,-3698.0539061151517,87.0059149819873,-51.99727539660099,225.02934724306573,44.95215398779296,2,2023-03-09 03:06:19
768,0,0.0,0.0,0.0,0.0,104.2546121597898,-49.67769197909837,225.059032137106,54.94703063195313,3,2023-03-09 03:06:53
769,9,0.21052078470233937,-0.23070599605432562,48.503351693568675,-81.84141486370038,104.2546121597898,-49.67769197909837,225.059032137106,54.94703063195313,3,2023-03-09 03:07:02
770,18,0.22496759138448397,-0.418654435713961,97.07319745504037,-163.89057453320675,104.2546121597898,-49.67769197909837,225.059032137106,54.94703063195313,3,2023-03-09 03:07:11
771,39,6180.447437203685,-10979.60883106899,-19957.45803353218,-870.4073029105814,104.2546121597898,-49.67769197909837,225.059032137106,54.94703063195313,3,2023-03-09 03:07:32
772,48,6180.094133246126,-10979.465259114537,-19898.208517546984,-944.5542074480045,104.2546121597898,-49.67769197909837,225.059032137106,54.94703063195313,3,2023-03-09 03:07:41
773,56,6179.874540463334,-10979.164413238044,-19839.35347124791,-1018.0124865109605,104.2546121597898,-49.67769197909837,225.059032137106,54.94703063195313,3,2023-03-09 03:07:49
774,77,1.374706635937173,-0.1103363738934604,422.0058899409082,-713.9141574172328,104.2546121597898,-49.67769197909837,225.059032137106,54.94703063195313,3,2023-03-09 03:08:10
775,86,1.2186826448726151,0.11949590314372927,470.18885164814037,-795.7896406138815,104.2546121597898,-49.67769197909837,225.059032137106,54.94703063195313,3,2023-03-09 03:08:19
776,95,1.4427466282654677,-0.12587577257647808,517.1794841240057,-877.3412776384049,104.2546121597898,-49.67769197909837,225.059032137106,54.94703063195313,3,2023-03-09 03:08:28
777,116,-9356.288206804897,8422.924984111838,17345.290338232677,-4746.438815138446,104.2546121597898,-49.67769197909837,225.059032137106,54.94703063195313,3,2023-03-09 03:08:49
778,125,-9356.711087967278,8423.115067341814,17379.147663028074,-4834.405509384146,104.2546121597898,-49.67769197909837,225.059032137106,54.94703063195313,3,2023-03-09 03:08:58
779,134,-9356.11764964587,8423.34868251592,17412.704755182516,-4921.693384987972,104.2546121597898,-49.67769197909837,225.059032137106,54.94703063195313,3,2023-03-09 03:09:07
780,155,2.1971229418227267,-0.26352391820694265,832.9815131532769,-1426.5927284779336,104.2546121597898,-49.67769197909837,225.059032137106,54.94703063195313,3,2023-03-09 03:09:28
781,163,2.326784123044945,-0.1994255558003033,879.5386483728748,-1508.1851575949513,104.2546121597898,-49.67769197909837,225.059032137106,54.94703063195313,3,2023-03-09 03:09:36
782,172,2.1622605434401976,-0.2023181589493106,925.9036384728688,-1589.8821327481812,104.2546121597898,-49.67769197909837,225.059032137106,54.94703063195313,3,2023-03-09 03:09:45
783,193,-11182.426787866745,-5785.459645633938,-4549.166458915999,-10325.384668839277,104.2546121597898,-49.67769197909837,225.059032137106,54.94703063195313,3,2023-03-09 03:10:06
784,202,-11182.21231069677,-5785.42060578861,-4509.760528285869,-10404.771659595513,104.2546121597898,-49.67769197909837,225.059032137106,54.94703063195313,3,2023-03-09 03:10:15
785,211,-11182.012057119362,-5785.473266223752,-4470.341314734889,-10484.727205670595,104.2546121597898,-49.67769197909837,225.059032137106,54.94703063195313,3,2023-03-09 03:10:24
786,232,3.3373508010640762,-0.2542780165754266,1234.5904892709655,-2139.897411724169,104.2546121597898,-49.67769197909837,225.059032137106,54.94703063195313,3,2023-03-09 03:10:45
787,241,3.21334880214863,0.05861166111174043,1280.5826858754813,-2221.7072841752583,104.2546121597898,-49.67769197909837,225.059032137106,54.94703063195313,3,2023-03-09 03:10:54
788,250,3.625278759813,-0.1245332910457364,1325.5289980663747,-2303.4798234559103,104.2546121597898,-49.67769197909837,225.059032137106,54.94703063195313,3,2023-03-09 03:11:03
789,271,8407.113346105461,-9381.707677076656,-16902.366092747594,-911.2867398947003,104.2546121597898,-49.67769197909837,225.059032137106,54.94703063195313,3,2023-03-09 03:11:24
790,280,8407.643968037723,-9381.818750748798,-16845.962696627543,-985.7790525818729,104.2546121597898,-49.67769197909837,225.059032137106,54.94703063195313,3,2023-03-09 03:11:33
791,288,8407.657702032504,-9381.730561188568,-16789.414281362362,-1060.15015216787,104.2546121597898,-49.67769197909837,225.059032137106,54.94703063195313,3,2023-03-09 03:11:41
792,309,3.76697472881915,0.1780913516114424,1629.4612154849801,-2857.493702398824,104.2546121597898,-49.67769197909837,225.059032137106,54.94703063195313,3,2023-03-09 03:12:02
793,318,4.108467088354928,0.14064883806099715,1673.6133190211149,-2939.145197079904,104.2546121597898,-49.67769197909837,225.059032137106,54.94703063195313,3,2023-03-09 03:12:11
794,327,4.2430026535839716,0.5430348806015672,1718.5280506680556,-3020.9835882532757,104.2546121597898,-49.67769197909837,225.059032137106,54.94703063195313,3,2023-03-09 03:12:20
795,348,-3496.4400182194768,-12102.257790415388,-16054.551494685256,-9276.899267526138,104.2546121597898,-49.67769197909837,225.059032137106,54.94703063195313,3,2023-03-09 03:12:41
796,357,-3496.234328671983,-12101.839536291112,-16007.884152840496,-9351.39080490126,104.2546121597898,-49.67769197909837,225.059032137106,54.94703063195313,3,2023-03-09 03:12:50
797,366,-3496.908212565285,-12102.075412625052,-15961.97519629111,-9426.69652515297,104.2546121597898,-49.67769197909837,225.059032137106,54.94703063195313,3,2023-03-09 03:12:59
798,387,6.420415610926966,-0.007969197986312793,2013.2902430341233,-3574.7580600273095,104.2546121597898,-49.67769197909837,225.059032137106,54.94703063195313,3,2023-03-09 03:13:20
799,396,6.9170715574273345,-0.17649634854421947,2056.1910978556853,-3656.557429818741,104.2546121597898,-49.67769197909837,225.059032137106,54.94703063195313,3,2023-03-09 03:13:29
800,405,8.269908220472644,-0.822018442869421,2097.9989704290006,-3738.1312921527297,104.2546121597898,-49.67769197909837,225.059032137106,54.94703063195313,3,2023-03-09 03:13:38
801,438,55287.38218387544,14904.995741764858,174.1047695274233,35985.31132009456,104.2546121597898,-49.67769197909837,225.059032137106,54.94703063195313,3,2023-03-09 03:14:11
802,447,55286.857368733545,14905.076815929711,280.86907261257466,35903.726858822214,104.2546121597898,-49.67769197909837,225.059032137106,54.94703063195313,3,2023-03-09 03:14:20
803,456,55286.59095435918,14904.916066932214,386.7306280570915,35822.08592695796,104.2546121597898,-49.67769197909837,225.059032137106,54.94703063195313,3,2023-03-09 03:14:29
804,477,44111.49525354827,9101.248946847641,-2656.348555922716,26087.927706557406,104.2546121597898,-49.67769197909837,225.059032137106,54.94703063195313,3,2023-03-09 03:14:50
805,486,44112.77697221921,9103.495055243058,-2564.159025130323,26009.432947645084,104.2546121597898,-49.67769197909837,225.059032137106,54.94703063195313,3,2023-03-09 03:14:59
806,495,44111.9294567004,9101.473226486036,-2478.8018116130957,25927.592250235077,104.2546121597898,-49.67769197909837,225.059032137106,54.94703063195313,3,2023-03-09 03:15:08
807,515,55287.69671944758,14905.308823681884,1095.6305372969496,35271.99113366451,104.2546121597898,-49.67769197909837,225.059032137106,54.94703063195313,3,2023-03-09 03:15:28
808,524,55287.91102742503,14905.328607839889,1199.3536538646367,35190.47395560397,104.2546121597898,-49.67769197909837,225.059032137106,54.94703063195313,3,2023-03-09 03:15:37
809,533,55287.874977032196,14905.505573760232,1303.5048019078545,35108.70333167811,104.2546121597898,-49.67769197909837,225.059032137106,54.94703063195313,3,2023-03-09 03:15:46
810,0,0.0,0.0,0.0,0.0,123.05748123375939,-46.140439154085655,221.21417705209655,66.37371354614118,4,2023-03-09 03:16:07
811,9,0.3957083601335398,0.0970714738798506,129.93410746743166,-75.26560973635128,123.05748123375939,-46.140439154085655,221.21417705209655,66.37371354614118,4,2023-03-09 03:16:16
812,18,0.5040575390296453,-0.18190692789517016,260.1207494402729,-151.57183770119218,123.05748123375939,-46.140439154085655,221.21417705209655,66.37371354614118,4,2023-03-09 03:16:25
813,593,55288.570511358215,14905.55691587369,1995.8099424629495,34556.37874303214,104.2546121597898,-49.67769197909837,225.059032137106,54.94703063195313,3,2023-03-09 03:16:46
814,602,55288.356944979736,14905.470262075723,2097.3975438552543,34474.17847388151,104.2546121597898,-49.67769197909837,225.059032137106,54.94703063195313,3,2023-03-09 03:16:55
815,610,55288.9837373122,14905.47312406986,2198.4152474987013,34392.37927085529,104.2546121597898,-49.67769197909837,225.059032137106,54.94703063195313,3,2023-03-09 03:17:03
816,78,-6628.580731657962,13370.664439107662,36272.341698147684,1715.3935167227814,123.05748123375939,-46.140439154085655,221.21417705209655,66.37371354614118,4,2023-03-09 03:17:25
817,86,-6628.742688437905,13370.866710869524,36373.721074771536,1625.8039598452456,123.05748123375939,-46.140439154085655,221.21417705209655,66.37371354614118,4,2023-03-09 03:17:33
818,95,-6628.123160906267,13370.476641501997,36472.90681926679,1536.394756410175,123.05748123375939,-46.140439154085655,221.21417705209655,66.37371354614118,4,2023-03-09 03:17:42
819,671,55289.49521086842,14906.07033346509,2881.5156470211264,33833.96379752546,104.2546121597898,-49.67769197909837,225.059032137106,54.94703063195313,3,2023-03-09 03:18:04
820,679,55289.53217926566,14906.13146146475,2981.049232618477,33751.57896052556,104.2546121597898,-49.67769197909837,225.059032137106,54.94703063195313,3,2023-03-09 03:18:12
821,688,55289.44654967323,14906.049035145592,3079.893484389379,33669.20885128895,104.2546121597898,-49.67769197909837,225.059032137106,54.94703063195313,3,2023-03-09 03:18:21
822,709,43203.04127449087,18429.378580807734,18361.713515484233,27159.327814039934,104.2546121597898,-49.67769197909837,225.059032137106,54.94703063195313,3,2023-03-09 03:18:42
823,718,43203.54844243962,18429.630204246158,18436.08803400308,27071.64085404109,104.2546121597898,-49.67769197909837,225.059032137106,54.94703063195313,3,2023-03-09 03:18:51
824,727,43203.652248427476,18429.462736925812,18509.50453684528,26983.666853902,104.2546121597898,-49.67769197909837,225.059032137106,54.94703063195313,3,2023-03-09 03:19:00
825,748,55289.78611603702,14906.062883622439,3740.987517680719,33113.09096201109,104.2546121597898,-49.67769197909837,225.059032137106,54.94703063195313,3,2023-03-09 03:19:21
826,757,55289.93230122368,14906.186213501102,3838.6102260441135,33030.27355404159,104.2546121597898,-49.67769197909837,225.059032137106,54.94703063195313,3,2023-03-09 03:19:30
827,765,55290.14736159685,14906.005165539045,3935.1275421861033,32947.481354106916,104.2546121597898,-49.67769197909837,225.059032137106,54.94703063195313,3,2023-03-09 03:19:38
828,786,43186.062027084685,18367.37777526046,18888.298715660858,26354.143443065357,104.2546121597898,-49.67769197909837,225.059032137106,54.94703063195313,3,2023-03-09 03:19:59
829,795,43186.35528305472,18367.488674339536,18960.71877539297,26266.115985827044,104.2546121597898,-49.67769197909837,225.059032137106,54.94703063195313,3,2023-03-09 03:20:08
830,804,43186.3107006586,18367.37909465968,19032.740713619216,26177.684153526217,104.2546121597898,-49.67769197909837,225.059032137106,54.94703063195313,3,2023-03-09 03:20:17
831,825,55290.64629274875,14906.291614654352,4581.569780564212,32389.83015597701,104.2546121597898,-49.67769197909837,225.059032137106,54.94703063195313,3,2023-03-09 03:20:38
832,834,55290.92757871538,14906.130676291761,4675.86313786087,32307.086217446835,104.2546121597898,-49.67769197909837,225.059032137106,54.94703063195313,3,2023-03-09 03:20:47
833,843,55290.75450153819,14906.35997865336,4771.285442997521,32223.977050100173,104.2546121597898,-49.67769197909837,225.059032137106,54.94703063195313,3,2023-03-09 03:20:56
834,322,35229.72431511503,21961.718785484096,14413.569414517973,30835.564972460452,123.05748123375939,-46.140439154085655,221.21417705209655,66.37371354614118,4,2023-03-09 03:21:29
835,331,35229.75910914826,21962.35697116304,14648.756625998682,30754.401256522004,123.05748123375939,-46.140439154085655,221.21417705209655,66.37371354614118,4,2023-03-09 03:21:38
836,340,35229.946204706735,21961.902589956844,14879.300511412908,30672.65583520749,123.05748123375939,-46.140439154085655,221.21417705209655,66.37371354614118,4,2023-03-09 03:21:47
837,361,32118.850673256253,9749.671666535016,-12360.318798528555,20847.172623861337,123.05748123375939,-46.140439154085655,221.21417705209655,66.37371354614118,4,2023-03-09 03:22:08
838,370,32118.82203886184,9749.71714569601,-12143.822219045069,20776.2999359225,123.05748123375939,-46.140439154085655,221.21417705209655,66.37371354614118,4,2023-03-09 03:22:17
839,379,32119.142240828234,9749.670524605739,-11929.811632429937,20705.828698782072,123.05748123375939,-46.140439154085655,221.21417705209655,66.37371354614118,4,2023-03-09 03:22:26
840,400,35230.74669353836,21963.655460530143,16451.858050609724,30113.2091324899,123.05748123375939,-46.140439154085655,221.21417705209655,66.37371354614118,4,2023-03-09 03:22:47
841,409,35230.95426951579,21963.57075072328,16679.255579361994,30030.261184600484,123.05748123375939,-46.140439154085655,221.21417705209655,66.37371354614118,4,2023-03-09 03:22:56
842,418,35230.93334631943,21963.602622243972,16904.511845088076,29947.91657544448,123.05748123375939,-46.140439154085655,221.21417705209655,66.37371354614118,4,2023-03-09 03:23:05
843,440,43252.71322804146,12245.870541415106,-24310.015852960885,27705.453069184678,123.05748123375939,-46.140439154085655,221.21417705209655,66.37371354614118,4,2023-03-09 03:23:27
844,449,43252.60519204303,12245.749657019162,-24045.367639157008,27640.193967327956,123.05748123375939,-46.140439154085655,221.21417705209655,66.37371354614118,4,2023-03-09 03:23:36
845,458,43253.00463361567,12245.88277780434,-23782.130128876302,27575.332649468954,123.05748123375939,-46.140439154085655,221.21417705209655,66.37371354614118,4,2023-03-09 03:23:45
846,480,35232.49814379855,21963.804031031937,18455.232248679145,29370.643827655014,123.05748123375939,-46.140439154085655,221.21417705209655,66.37371354614118,4,2023-03-09 03:24:07
847,489,35232.80351377129,21963.778918141765,18675.595278126082,29287.019762074175,123.05748123375939,-46.140439154085655,221.21417705209655,66.37371354614118,4,2023-03-09 03:24:16
848,498,35232.90217537769,21964.038377698478,18897.516443559867,29202.9165052952,123.05748123375939,-46.140439154085655,221.21417705209655,66.37371354614118,4,2023-03-09 03:24:25
849,519,24449.618910427984,28463.470868061733,54562.55899454462,24870.82488207373,123.05748123375939,-46.140439154085655,221.21417705209655,66.37371354614118,4,2023-03-09 03:24:46
850,528,24449.38016565082,28463.54838110834,54708.06029716356,24774.71819130066,123.05748123375939,-46.140439154085655,221.21417705209655,66.37371354614118,4,2023-03-09 03:24:55
851,537,24449.528964440226,28463.58071270425,54852.25847693572,24678.93038723264,123.05748123375939,-46.140439154085655,221.21417705209655,66.37371354614118,4,2023-03-09 03:25:04
852,558,35232.95288497899,21964.1388040168,20382.370581700194,28627.214837404335,123.05748123375939,-46.140439154085655,221.21417705209655,66.37371354614118,4,2023-03-09 03:25:25
853,567,35233.63359455057,21964.65294123413,20595.431778936232,28544.015348641104,123.05748123375939,-46.140439154085655,221.21417705209655,66.37371354614118,4,2023-03-09 03:25:34
854,576,35233.53760415327,21964.5550035973,20807.837026546214,28459.617965564103,123.05748123375939,-46.140439154085655,221.21417705209655,66.37371354614118,4,2023-03-09 03:25:43
855,598,38042.72071014415,9676.163391083208,-16480.037198274535,22027.133580613667,123.05748123375939,-46.140439154085655,221.21417705209655,66.37371354614118,4,2023-03-09 03:26:05
856,607,38041.10553431875,9676.488900259123,-16250.972161777987,21957.744849675117,123.05748123375939,-46.140439154085655,221.21417705209655,66.37371354614118,4,2023-03-09 03:26:14
857,616,38040.15218243729,9676.910885452278,-16024.163145984836,21888.89903101232,123.05748123375939,-46.140439154085655,221.21417705209655,66.37371354614118,4,2023-03-09 03:26:23
858,638,35233.93612773786,21964.88359862405,22257.140634038522,27875.29122298849,123.05748123375939,-46.140439154085655,221.21417705209655,66.37371354614118,4,2023-03-09 03:26:45
859,646,35233.93220014492,21964.99983686415,22463.102058765322,27790.90133773015,123.05748123375939,-46.140439154085655,221.21417705209655,66.37371354614118,4,2023-03-09 03:26:53
860,655,35233.36657900615,21965.236376683,22669.706577615965,27706.09027222294,123.05748123375939,-46.140439154085655,221.21417705209655,66.37371354614118,4,2023-03-09 03:27:02
861,676,26474.691579147027,12911.64805284672,10627.897660288318,16957.064439811893,123.05748123375939,-46.140439154085655,221.21417705209655,66.37371354614118,4,2023-03-09 03:27:23
862,685,26475.244985477144,12911.316331190701,10799.307235102879,16877.253990039502,123.05748123375939,-46.140439154085655,221.21417705209655,66.37371354614118,4,2023-03-09 03:27:32
863,694,26474.515434726247,12910.951578491746,10972.163371897477,16796.4203309751,123.05748123375939,-46.140439154085655,221.21417705209655,66.37371354614118,4,2023-03-09 03:27:41
864,715,35234.467516524426,21965.436816006455,24042.31899157991,27130.370048082495,123.05748123375939,-46.140439154085655,221.21417705209655,66.37371354614118,4,2023-03-09 03:28:02
865,724,35235.04962565079,21965.00903050709,24240.044132625724,27045.168770063,123.05748123375939,-46.140439154085655,221.21417705209655,66.37371354614118,4,2023-03-09 03:28:11
866,733,35234.400398134065,21965.509773968635,24441.153464313233,26959.856251137633,123.05748123375939,-46.140439154085655,221.21417705209655,66.37371354614118,4,2023-03-09 03:28:20
867,0,0.0,0.0,0.0,0.0,162.38236728330423,-40.027941127226526,136.70572199179836,75.53213101110593,6,2023-03-09 03:32:09
868,9,0.24646326876336389,0.6219269806479133,258.1479416107527,79.89704830970368,162.38236728330423,-40.027941127226526,136.70572199179836,75.53213101110593,6,2023-03-09 03:32:18
869,18,0.0447372746975816,0.5755597165460813,516.9794989142247,158.56661337048763,162.38236728330423,-40.027941127226526,136.70572199179836,75.53213101110593,6,2023-03-09 03:32:27
870,40,-3403.868989539467,12122.700460050904,-36075.51867182118,9499.568430662946,162.38236728330423,-40.027941127226526,136.70572199179836,75.53213101110593,6,2023-03-09 03:32:49
871,49,-3403.8194859572286,12122.574024447005,-35812.27230202797,9592.066556175576,162.38236728330423,-40.027941127226526,136.70572199179836,75.53213101110593,6,2023-03-09 03:32:58
872,58,-3404.119272328137,12122.681609750205,-35549.4467175255,9684.336812791793,162.38236728330423,-40.027941127226526,136.70572199179836,75.53213101110593,6,2023-03-09 03:33:07
873,79,-0.5736635004723212,0.4858945650823898,2334.6665371846143,700.917408274961,162.38236728330423,-40.027941127226526,136.70572199179836,75.53213101110593,6,2023-03-09 03:33:28
874,88,-0.7947899238843092,0.2111875824937215,2601.7608883962453,778.6892229910507,162.38236728330423,-40.027941127226526,136.70572199179836,75.53213101110593,6,2023-03-09 03:33:37
875,97,-0.8589743779111814,-0.2195563724171734,2869.768673431406,856.1055458604926,162.38236728330423,-40.027941127226526,136.70572199179836,75.53213101110593,6,2023-03-09 03:33:46
876,119,-12390.13818822534,-2337.7890409471374,39753.550832092296,5880.63547429731,162.38236728330423,-40.027941127226526,136.70572199179836,75.53213101110593,6,2023-03-09 03:34:08
877,128,-12390.047244992058,-2337.4865297138713,40112.35915445617,5942.034500819483,162.38236728330423,-40.027941127226526,136.70572199179836,75.53213101110593,6,2023-03-09 03:34:17
878,137,-12390.223752991289,-2337.5684095407196,40474.39181366277,6003.147505655551,162.38236728330423,-40.027941127226526,136.70572199179836,75.53213101110593,6,2023-03-09 03:34:26
879,158,-0.9856798823420831,0.4378968775171188,4739.553461334946,1391.419312653204,162.38236728330423,-40.027941127226526,136.70572199179836,75.53213101110593,6,2023-03-09 03:34:47
880,167,-1.4406586527002219,0.4542391132673629,5014.102745478465,1468.388756110835,162.38236728330423,-40.027941127226526,136.70572199179836,75.53213101110593,6,2023-03-09 03:34:56
881,176,-1.075129073512926,0.4625370844735244,5287.974128787278,1544.7777790979444,162.38236728330423,-40.027941127226526,136.70572199179836,75.53213101110593,6,2023-03-09 03:35:05
882,198,-5681.131316848961,-11249.504047533756,48223.24724638787,-3713.039759955541,162.38236728330423,-40.027941127226526,136.70572199179836,75.53213101110593,6,2023-03-09 03:35:27
883,207,-5682.848664142455,-11248.195958242139,48519.435506044916,-3653.5026745687846,162.38236728330423,-40.027941127226526,136.70572199179836,75.53213101110593,6,2023-03-09 03:35:36
884,216,-5681.060259912294,-11248.521331419166,48809.43242994567,-3597.475638385691,162.38236728330423,-40.027941127226526,136.70572199179836,75.53213101110593,6,2023-03-09 03:35:45
885,238,-1.7654074032407152,0.6786084187638153,7238.6178404806515,2078.41561509228,162.38236728330423,-40.027941127226526,136.70572199179836,75.53213101110593,6,2023-03-09 03:36:07
886,247,-1.5515062271219904,0.5953443620455801,7521.51021471941,2154.1102806751496,162.38236728330423,-40.027941127226526,136.70572199179836,75.53213101110593,6,2023-03-09 03:36:16
887,256,-2.532693458783797,-0.07795420084164562,7809.057271027916,2229.784540523855,162.38236728330423,-40.027941127226526,136.70572199179836,75.53213101110593,6,2023-03-09 03:36:25
888,277,629.5582618097455,-12576.816886911698,40489.817241850644,-7046.833019923219,162.38236728330423,-40.027941127226526,136.70572199179836,75.53213101110593,6,2023-03-09 03:36:46
889,286,629.2211758447934,-12576.735595645192,40753.78958912511,-6985.756336656646,162.38236728330423,-40.027941127226526,136.70572199179836,75.53213101110593,6,2023-03-09 03:36:55
890,295,629.1801790508657,-12576.71201924195,41017.53955176686,-6925.074276205856,162.38236728330423,-40.027941127226526,136.70572199179836,75.53213101110593,6,2023-03-09 03:37:04
891,317,-2.202620138018574,0.9704730531638006,9788.767069293954,2748.880044571598,162.38236728330423,-40.027941127226526,136.70572199179836,75.53213101110593,6,2023-03-09 03:37:26
892,325,-2.280340528193392,1.0092079791633068,10080.569293448469,2823.7152590959226,162.38236728330423,-40.027941127226526,136.70572199179836,75.53213101110593,6,2023-03-09 03:37:34
893,334,-2.775394513992069,0.893943218150639,10374.572857955354,2898.505556775962,162.38236728330423,-40.027941127226526,136.70572199179836,75.53213101110593,6,2023-03-09 03:37:43
894,356,1840.025578737982,12463.58501771137,-38449.598257155856,9326.392662050375,162.38236728330423,-40.027941127226526,136.70572199179836,75.53213101110593,6,2023-03-09 03:38:05
895,365,1840.261958323174,12463.56465573259,-38191.46499005275,9420.3906760951,162.38236728330423,-40.027941127226526,136.70572199179836,75.53213101110593,6,2023-03-09 03:38:14
896,374,1839.6236135465074,12463.483767743164,-37933.99039492342,9513.473294680727,162.38236728330423,-40.027941127226526,136.70572199179836,75.53213101110593,6,2023-03-09 03:38:23
897,397,-2.936022862604659,1.2054317908649637,12461.455950699667,3420.2094000027046,162.38236728330423,-40.027941127226526,136.70572199179836,75.53213101110593,6,2023-03-09 03:38:46
898,405,-3.012458028922538,1.423839836843399,12760.493222400828,3493.6943156930283,162.38236728330423,-40.027941127226526,136.70572199179836,75.53213101110593,6,2023-03-09 03:38:54
899,414,-3.0545456430331797,1.2985224000573226,13062.851583045222,3567.1140990161916,162.38236728330423,-40.027941127226526,136.70572199179836,75.53213101110593,6,2023-03-09 03:39:03
900,0,0.0,0.0,0.0,0.0,176.46430718117767,-45.499704595434345,135.10915263556015,65.05577666248311,7,2023-03-09 03:39:37
901,9,-0.5166611202866989,0.27967936820232353,107.69945065786715,81.30077412931769,176.46430718117767,-45.499704595434345,135.10915263556015,65.05577666248311,7,2023-03-09 03:39:46
902,17,0.032508043182133406,0.23513471689398102,216.03474663844509,162.1706033282578,176.46430718117767,-45.499704595434345,135.10915263556015,65.05577666248311,7,2023-03-09 03:39:54
903,38,12575.469278835215,740.1774366426338,-10208.32568579939,-7183.310342811655,176.46430718117767,-45.499704595434345,135.10915263556015,65.05577666248311,7,2023-03-09 03:40:15
904,47,12575.66593972848,740.700690143629,-10124.093622589702,-7098.012150499681,176.46430718117767,-45.499704595434345,135.10915263556015,65.05577666248311,7,2023-03-09 03:40:24
905,56,12575.92879725088,740.3632995582711,-10037.992036139418,-7013.1875579499965,176.46430718117767,-45.499704595434345,135.10915263556015,65.05577666248311,7,2023-03-09 03:40:33
906,77,-0.2599883886546195,-0.010642655755077612,951.0824779857899,704.580000976074,176.46430718117767,-45.499704595434345,135.10915263556015,65.05577666248311,7,2023-03-09 03:40:54
907,86,-0.22413236542888626,0.12136250090009071,1061.2093676855466,785.2375860142843,176.46430718117767,-45.499704595434345,135.10915263556015,65.05577666248311,7,2023-03-09 03:41:03
908,94,-0.33090476391635093,0.10062759089350948,1172.794925949927,866.4046523342847,176.46430718117767,-45.499704595434345,135.10915263556015,65.05577666248311,7,2023-03-09 03:41:11
909,115,11916.640366119384,4096.072125176923,-15899.545880697293,-4646.146238604513,176.46430718117767,-45.499704595434345,135.10915263556015,65.05577666248311,7,2023-03-09 03:41:32
910,125,11917.011828497425,4096.0427336611165,-15812.509225127655,-4557.17790092315,176.46430718117767,-45.499704595434345,135.10915263556015,65.05577666248311,7,2023-03-09 03:41:42
911,133,11916.852485292657,4095.978497796463,-15726.412689650897,-4469.5369521526145,176.46430718117767,-45.499704595434345,135.10915263556015,65.05577666248311,7,2023-03-09 03:41:50
912,154,0.8602921077340397,0.7941120393837764,1925.0518257130238,1408.830995756574,176.46430718117767,-45.499704595434345,135.10915263556015,65.05577666248311,7,2023-03-09 03:42:11
913,163,0.6285529291290004,0.8453973011171456,2038.023464694436,1489.2326365072734,176.46430718117767,-45.499704595434345,135.10915263556015,65.05577666248311,7,2023-03-09 03:42:20
914,172,-0.3589091371622999,0.23413539346677226,2153.461469993681,1569.8246005208375,176.46430718117767,-45.499704595434345,135.10915263556015,65.05577666248311,7,2023-03-09 03:42:29
915,192,12516.461655887917,1424.0431169732033,-10038.798208484503,-5377.650749694476,176.46430718117767,-45.499704595434345,135.10915263556015,65.05577666248311,7,2023-03-09 03:42:49
916,201,12516.809585060775,1423.9823719797585,-9950.314853494638,-5293.067873613813,176.46430718117767,-45.499704595434345,135.10915263556015,65.05577666248311,7,2023-03-09 03:42:58
917,210,12516.35415264907,1423.817191783607,-9860.76089224963,-5207.966830247099,176.46430718117767,-45.499704595434345,135.10915263556015,65.05577666248311,7,2023-03-09 03:43:07
918,231,1.2364488368461934,0.5228872842678811,2917.6054492500043,2105.535277796065,176.46430718117767,-45.499704595434345,135.10915263556015,65.05577666248311,7,2023-03-09 03:43:28
919,240,-0.7235171690695097,-0.030483292383109983,3035.9679695994487,2186.3748147330966,176.46430718117767,-45.499704595434345,135.10915263556015,65.05577666248311,7,2023-03-09 03:43:37
920,249,1.5511716401078957,0.6243608147485702,3148.4047011793905,2265.232964617951,176.46430718117767,-45.499704595434345,135.10915263556015,65.05577666248311,7,2023-03-09 03:43:46
921,270,4600.928900641145,-11720.795023774368,22332.838393022463,-6546.417083236409,176.46430718117767,-45.499704595434345,135.10915263556015,65.05577666248311,7,2023-03-09 03:44:07
922,279,4600.863884620674,-11720.90606972819,22444.2358389236,-6474.5333953939735,176.46430718117767,-45.499704595434345,135.10915263556015,65.05577666248311,7,2023-03-09 03:44:16
923,287,4600.680965036656,-11720.877613150858,22555.70336327336,-6402.558895464164,176.46430718117767,-45.499704595434345,135.10915263556015,65.05577666248311,7,2023-03-09 03:44:24
924,309,1.2410280319045341,0.4983694837932262,3940.774538365031,2805.2477156320774,176.46430718117767,-45.499704595434345,135.10915263556015,65.05577666248311,7,2023-03-09 03:44:46
925,318,1.346878840138288,0.5700865139061762,4059.0772983782244,2885.0903040494413,176.46430718117767,-45.499704595434345,135.10915263556015,65.05577666248311,7,2023-03-09 03:44:55
926,326,0.9836100713187079,0.6368427878612692,4178.43871970133,2965.387888149331,176.46430718117767,-45.499704595434345,135.10915263556015,65.05577666248311,7,2023-03-09 03:45:03
927,348,3575.1550600008386,12082.813421208255,-25303.329589940928,6425.129579546041,176.46430718117767,-45.499704595434345,135.10915263556015,65.05577666248311,7,2023-03-09 03:45:25
928,357,3575.0505087720057,12082.618714138127,-25203.877603172543,6515.634315221064,176.46430718117767,-45.499704595434345,135.10915263556015,65.05577666248311,7,2023-03-09 03:45:34
929,366,3575.1468880000857,12082.808095728984,-25104.51316223947,6606.717700021119,176.46430718117767,-45.499704595434345,135.10915263556015,65.05577666248311,7,2023-03-09 03:45:43
930,387,1.014926487403045,0.7296720249200916,4997.358964884177,3508.9658183298866,176.46430718117767,-45.499704595434345,135.10915263556015,65.05577666248311,7,2023-03-09 03:46:04
931,396,-1.4058647277238379,0.003668531513767448,5121.889818882562,3589.2242608298884,176.46430718117767,-45.499704595434345,135.10915263556015,65.05577666248311,7,2023-03-09 03:46:13
932,405,0.703918928445546,0.8624504940740962,5238.9652336672725,3667.3643186167283,176.46430718117767,-45.499704595434345,135.10915263556015,65.05577666248311,7,2023-03-09 03:46:22
933,0,0.0,0.0,0.0,0.0,191.82237179454228,-49.614173955064885,135.05924859395725,55.05972047551413,8,2023-03-09 03:46:55
934,9,0.035726499800148304,0.40858307623636847,49.043875023164674,81.67660358043634,191.82237179454228,-49.614173955064885,135.05924859395725,55.05972047551413,8,2023-03-09 03:47:04
935,18,0.17034848289085858,0.3557249822961239,98.61505759901092,162.59319045770724,191.82237179454228,-49.614173955064885,135.05924859395725,55.05972047551413,8,2023-03-09 03:47:13
936,39,-8964.070095118426,8835.544388862025,-11346.134669490346,8865.583871492077,191.82237179454228,-49.614173955064885,135.05924859395725,55.05972047551413,8,2023-03-09 03:47:34
937,48,-8963.970954690489,8835.68417721188,-11292.67617150224,8951.2183309624,191.82237179454228,-49.614173955064885,135.05924859395725,55.05972047551413,8,2023-03-09 03:47:43
938,57,-8964.329233837998,8835.872132168592,-11238.66957747707,9037.621416112996,191.82237179454228,-49.614173955064885,135.05924859395725,55.05972047551413,8,2023-03-09 03:47:52
939,77,0.015753678860619402,0.3211153182974158,435.2080872024203,707.1451423635921,191.82237179454228,-49.614173955064885,135.05924859395725,55.05972047551413,8,2023-03-09 03:48:12
940,86,0.10958769620401654,0.40219486859029985,485.6959541287097,788.2171892248465,191.82237179454228,-49.614173955064885,135.05924859395725,55.05972047551413,8,2023-03-09 03:48:21
941,95,0.6504804595124369,0.3130030126413885,536.4214137500085,868.9392126457761,191.82237179454228,-49.614173955064885,135.05924859395725,55.05972047551413,8,2023-03-09 03:48:30
942,116,-10801.188119347853,-6501.119027890286,16077.150847684868,4887.425415715385,191.82237179454228,-49.614173955064885,135.05924859395725,55.05972047551413,8,2023-03-09 03:48:51
943,125,-10801.45163574964,-6501.162350623361,16141.793082302978,4961.81014312757,191.82237179454228,-49.614173955064885,135.05924859395725,55.05972047551413,8,2023-03-09 03:49:00
944,134,-10801.373666984398,-6501.283556871292,16206.70189400081,5036.13568670082,191.82237179454228,-49.614173955064885,135.05924859395725,55.05972047551413,8,2023-03-09 03:49:09
945,154,0.6479856433315945,0.2472403728916106,880.5715774745636,1412.3844053921543,191.82237179454228,-49.614173955064885,135.05924859395725,55.05972047551413,8,2023-03-09 03:49:29
949,202,10898.629747752078,-6313.789607659595,7347.061765804983,-6809.302455880814,191.82237179454228,-49.614173955064885,135.05924859395725,55.05972047551413,8,2023-03-09 03:50:17
950,211,10899.17429446856,-6314.055834556481,7392.734750280488,-6731.512493654913,191.82237179454228,-49.614173955064885,135.05924859395725,55.05972047551413,8,2023-03-09 03:50:26
951,232,1.130662888090228,0.4826799629171319,1335.6669728601105,2116.8645109642284,191.82237179454228,-49.614173955064885,135.05924859395725,55.05972047551413,8,2023-03-09 03:50:47
952,240,0.9752688768571716,0.4203114191284385,1388.6721766984806,2197.5722588366834,191.82237179454228,-49.614173955064885,135.05924859395725,55.05972047551413,8,2023-03-09 03:50:55
953,249,0.9742500881429805,0.4658694191761015,1442.0980939532114,2279.009303661491,191.82237179454228,-49.614173955064885,135.05924859395725,55.05972047551413,8,2023-03-09 03:51:04
954,270,9965.024089033795,-7699.954886877637,10215.142732768754,-6132.353932367522,191.82237179454228,-49.614173955064885,135.05924859395725,55.05972047551413,8,2023-03-09 03:51:25
955,279,9965.215079736958,-7700.2938211377,10263.203694786149,-6055.671104665251,191.82237179454228,-49.614173955064885,135.05924859395725,55.05972047551413,8,2023-03-09 03:51:34
956,288,9965.528034945202,-7700.236234130383,10310.975316267115,-5978.514346922833,191.82237179454228,-49.614173955064885,135.05924859395725,55.05972047551413,8,2023-03-09 03:51:43
957,309,1.06192440466657,0.13692193012673215,1801.5375837890588,2819.3361855894495,191.82237179454228,-49.614173955064885,135.05924859395725,55.05972047551413,8,2023-03-09 03:52:04
958,318,0.9214127702875885,-0.018145895410270896,1856.2544982140253,2900.4301358452067,191.82237179454228,-49.614173955064885,135.05924859395725,55.05972047551413,8,2023-03-09 03:52:13
959,327,0.9139464407553533,0.2674442653898268,1909.9620426617207,2981.050078900344,191.82237179454228,-49.614173955064885,135.05924859395725,55.05972047551413,8,2023-03-09 03:52:22
960,348,-5768.124386552495,-11205.76102977735,22864.086560513373,1948.2498859022144,191.82237179454228,-49.614173955064885,135.05924859395725,55.05972047551413,8,2023-03-09 03:52:43
961,357,-5759.462677537795,-11201.071784787448,22916.992103505334,2017.6547511492204,191.82237179454228,-49.614173955064885,135.05924859395725,55.05972047551413,8,2023-03-09 03:52:52
962,365,-5760.100014160798,-11200.518506122069,22980.661446230217,2089.7362186643845,191.82237179454228,-49.614173955064885,135.05924859395725,55.05972047551413,8,2023-03-09 03:53:00
963,386,1.204009217804014,0.20671799545084468,2280.5392624014644,3525.7709581131876,191.82237179454228,-49.614173955064885,135.05924859395725,55.05972047551413,8,2023-03-09 03:53:21
964,395,1.2890159899598075,0.10280506657807109,2335.996066589098,3606.167729264942,191.82237179454228,-49.614173955064885,135.05924859395725,55.05972047551413,8,2023-03-09 03:53:30
965,404,1.3241412589763968,0.3871276629439535,2390.772127872458,3686.440033562798,191.82237179454228,-49.614173955064885,135.05924859395725,55.05972047551413,8,2023-03-09 03:53:39
966,0,0.0,0.0,0.0,0.0,209.06035666347373,-51.91150731326002,135.03127077803626,45.06425849754003,10,2023-03-09 03:54:13
967,9,-0.24673679854458896,0.01409402617014166,14.556519005134305,81.53800247004597,209.06035666347373,-51.91150731326002,135.03127077803626,45.06425849754003,10,2023-03-09 03:54:22
968,18,-0.6058476189082285,-0.045282175960892346,29.481237868890275,164.1395666862593,209.06035666347373,-51.91150731326002,135.03127077803626,45.06425849754003,10,2023-03-09 03:54:31
969,0,0.0,0.0,0.0,0.0,210.9033153173089,-51.913937421094815,135.04132947581675,45.117772551962666,11,2023-03-09 04:01:56
970,9,-0.6664463709853408,0.14039035025064095,14.611137709368904,81.89302421887703,210.9033153173089,-51.913937421094815,135.04132947581675,45.117772551962666,11,2023-03-09 04:02:05
971,18,-1.100008827449983,-0.03939252403313276,29.67641888824346,163.3715632827176,210.9033153173089,-51.913937421094815,135.04132947581675,45.117772551962666,11,2023-03-09 04:02:14
972,101,1662.1331293740695,-1.1951058952831772,-17.52670830576335,-91.30857083422654,210.9033153173089,-51.913937421094815,135.04132947581675,45.117772551962666,11,2023-03-09 04:03:37
973,110,1660.6625612598123,-2.967715500392387,-0.19879744570516777,-9.060882912501711,210.9033153173089,-51.913937421094815,135.04132947581675,45.117772551962666,11,2023-03-09 04:03:46
974,118,1662.8471138960322,-0.7961446105383629,11.174864043243815,71.05135834019336,210.9033153173089,-51.913937421094815,135.04132947581675,45.117772551962666,11,2023-03-09 04:03:54
975,602,-2317.889130053686,10752.551627126843,-14147.994828558229,8512.421502626466,209.06035666347373,-51.91150731326002,135.03127077803626,45.06425849754003,10,2023-03-09 04:04:15
976,611,-2317.0262208079066,10752.709123435574,-14133.077752229781,8598.332754869069,209.06035666347373,-51.91150731326002,135.03127077803626,45.06425849754003,10,2023-03-09 04:04:24
977,620,-2316.5305799890234,10752.770904063062,-14117.897642665615,8684.491089678453,209.06035666347373,-51.91150731326002,135.03127077803626,45.06425849754003,10,2023-03-09 04:04:33
978,178,1663.2197391673685,-0.558647249803812,111.03875738585884,615.2958587448154,210.9033153173089,-51.913937421094815,135.04132947581675,45.117772551962666,11,2023-03-09 04:04:54
979,187,1663.25019165173,-0.25672353290246974,125.85045480241206,696.5938385855566,210.9033153173089,-51.913937421094815,135.04132947581675,45.117772551962666,11,2023-03-09 04:05:03
980,195,1663.4321823978894,-0.4614353920658232,141.5142032831909,778.1754276057029,210.9033153173089,-51.913937421094815,135.04132947581675,45.117772551962666,11,2023-03-09 04:05:11
981,680,-10878.960895218119,4312.571251743824,-3140.771261018358,13695.861693303363,209.06035666347373,-51.91150731326002,135.03127077803626,45.06425849754003,10,2023-03-09 04:05:33
983,697,-10879.377627616623,4312.582384068071,-3091.3397371572614,13860.540436330675,209.06035666347373,-51.91150731326002,135.03127077803626,45.06425849754003,10,2023-03-09 04:05:50
984,256,1663.2199155949706,-0.45997808979336696,247.32642892947752,1329.6404073231201,210.9033153173089,-51.913937421094815,135.04132947581675,45.117772551962666,11,2023-03-09 04:06:12
985,264,1663.0357180238548,-0.3445401103618906,263.0122041478103,1410.7804212896497,210.9033153173089,-51.913937421094815,135.04132947581675,45.117772551962666,11,2023-03-09 04:06:20
986,273,1662.9869127379493,-0.6524488251557159,279.31987535022245,1491.6125372169035,210.9033153173089,-51.913937421094815,135.04132947581675,45.117772551962666,11,2023-03-09 04:06:29
987,757,-7475.537724527805,7986.196932056328,-9015.189615218003,12950.449894908294,209.06035666347373,-51.91150731326002,135.03127077803626,45.06425849754003,10,2023-03-09 04:06:50
988,766,-7479.528397292132,7983.263035079392,-8988.859047519645,13037.044377445021,209.06035666347373,-51.91150731326002,135.03127077803626,45.06425849754003,10,2023-03-09 04:06:59
989,775,-7475.171446064655,7986.4392213776055,-8972.955117958441,13119.220127285194,209.06035666347373,-51.91150731326002,135.03127077803626,45.06425849754003,10,2023-03-09 04:07:08
990,333,1662.8530431269496,-0.6842501311155047,389.47985886459264,2042.8097787161646,210.9033153173089,-51.913937421094815,135.04132947581675,45.117772551962666,11,2023-03-09 04:07:29
991,342,1663.0974831782282,-0.5131216368539526,405.68808088288506,2123.7549023729543,210.9033153173089,-51.913937421094815,135.04132947581675,45.117772551962666,11,2023-03-09 04:07:38
992,351,1663.2303664000688,-0.441559770891331,422.1778883416846,2205.0132535611565,210.9033153173089,-51.913937421094815,135.04132947581675,45.117772551962666,11,2023-03-09 04:07:47
993,372,4902.3791712042,12439.258822862903,-17561.54407756495,1673.8344111746983,210.9033153173089,-51.913937421094815,135.04132947581675,45.117772551962666,11,2023-03-09 04:08:08
994,381,4902.459217259616,12439.48522469438,-17553.132801181095,1762.2964359422126,210.9033153173089,-51.913937421094815,135.04132947581675,45.117772551962666,11,2023-03-09 04:08:17
995,390,4902.50887563725,12439.3879598893,-17544.274655539994,1849.8935893805624,210.9033153173089,-51.913937421094815,135.04132947581675,45.117772551962666,11,2023-03-09 04:08:26
996,411,1663.1788827530272,-0.6088690454475909,536.1788182118289,2752.591364248292,210.9033153173089,-51.913937421094815,135.04132947581675,45.117772551962666,11,2023-03-09 04:08:47
997,420,1662.300666281476,-0.8163437928971007,553.659217620293,2833.883936740071,210.9033153173089,-51.913937421094815,135.04132947581675,45.117772551962666,11,2023-03-09 04:08:56
998,429,1663.301246698154,-0.8141403382751378,570.6810474261147,2914.114003304999,210.9033153173089,-51.913937421094815,135.04132947581675,45.117772551962666,11,2023-03-09 04:09:05
999,449,10376.114688516998,-11387.991690105533,15358.721020470763,-3812.9472757656117,210.9033153173089,-51.913937421094815,135.04132947581675,45.117772551962666,11,2023-03-09 04:09:25
1000,458,10375.533641212929,-11388.272910524645,15376.565657393565,-3737.5923340820323,210.9033153173089,-51.913937421094815,135.04132947581675,45.117772551962666,11,2023-03-09 04:09:34
1001,467,10375.736278004013,-11388.316016225876,15394.011973778162,-3662.8001120424415,210.9033153173089,-51.913937421094815,135.04132947581675,45.117772551962666,11,2023-03-09 04:09:43
1002,488,1663.89935433333,-0.7211837213048966,688.0458457544364,3458.6354863595316,210.9033153173089,-51.913937421094815,135.04132947581675,45.117772551962666,11,2023-03-09 04:10:04
1003,497,1662.9469272167512,-1.810561260981558,707.4670864568134,3539.9145154050616,210.9033153173089,-51.913937421094815,135.04132947581675,45.117772551962666,11,2023-03-09 04:10:13
1004,506,1663.4777689456996,-1.3745937569126454,724.5610554569907,3620.3957885141963,210.9033153173089,-51.913937421094815,135.04132947581675,45.117772551962666,11,2023-03-09 04:10:22
1005,0,0.0,0.0,0.0,0.0,229.4995005070304,-52.05356109864745,135.0112809200165,35.07061828640837,12,2023-03-09 04:10:55
1006,128,1749.053401420906,-0.6932554147766723,-15.13036061224966,100.66212731610165,229.4995005070304,-52.05356109864745,135.0112809200165,35.07061828640837,12,2023-03-09 04:13:03
1007,137,1748.6542767142964,-0.23251621650786092,-25.730603811530273,183.3019152194936,229.4995005070304,-52.05356109864745,135.0112809200165,35.07061828640837,12,2023-03-09 04:13:12
1008,146,1748.5144239870351,0.08635235686824672,-36.01731830204926,265.17163804207655,229.4995005070304,-52.05356109864745,135.0112809200165,35.07061828640837,12,2023-03-09 04:13:21
1009,167,-18289.99878778667,-2586.2057427569,2368.2699021851704,12797.353480616459,229.4995005070304,-52.05356109864745,135.0112809200165,35.07061828640837,12,2023-03-09 04:13:42
1010,176,-18289.351428684357,-2586.6764993414617,2367.580668943708,12877.320163232216,229.4995005070304,-52.05356109864745,135.0112809200165,35.07061828640837,12,2023-03-09 04:13:51
1011,185,-18289.43628785644,-2586.559656292997,2366.1754438654953,12958.400845263925,229.4995005070304,-52.05356109864745,135.0112809200165,35.07061828640837,12,2023-03-09 04:14:00
1012,206,1749.1086255222172,-0.30672774014135484,-101.13145593346644,817.9320734831407,229.4995005070304,-52.05356109864745,135.0112809200165,35.07061828640837,12,2023-03-09 04:14:21
1013,215,1748.3880963898969,0.1274874089176592,-111.22483470230691,900.0169928039384,229.4995005070304,-52.05356109864745,135.0112809200165,35.07061828640837,12,2023-03-09 04:14:30
1014,223,1749.348270403334,-0.04175624305844394,-120.35738132626648,980.589676355757,229.4995005070304,-52.05356109864745,135.0112809200165,35.07061828640837,12,2023-03-09 04:14:38
1015,245,21994.86527451369,1873.7837214438655,-437.5741971098478,-11477.84347870211,229.4995005070304,-52.05356109864745,135.0112809200165,35.07061828640837,12,2023-03-09 04:15:00
1016,254,21995.247320916904,1873.6847631691517,-453.90628289134156,-11396.850950326616,229.4995005070304,-52.05356109864745,135.0112809200165,35.07061828640837,12,2023-03-09 04:15:09
1017,262,21995.38052452124,1873.6638327571113,-470.4292598435586,-11315.169220885306,229.4995005070304,-52.05356109864745,135.0112809200165,35.07061828640837,12,2023-03-09 04:15:17
1018,284,1749.847421366917,0.48917350907231594,-184.07898322559504,1535.2763065280128,229.4995005070304,-52.05356109864745,135.0112809200165,35.07061828640837,12,2023-03-09 04:15:39
1019,293,1749.7260580756347,0.15772692070186167,-192.75584283641365,1616.778624111717,229.4995005070304,-52.05356109864745,135.0112809200165,35.07061828640837,12,2023-03-09 04:15:48
1020,302,1749.8244749541982,0.44401583128319544,-202.11305055588582,1697.957991071354,229.4995005070304,-52.05356109864745,135.0112809200165,35.07061828640837,12,2023-03-09 04:15:57
1021,322,16350.992193456397,-8830.687432526614,11473.002390250884,-5934.449313645413,229.4995005070304,-52.05356109864745,135.0112809200165,35.07061828640837,12,2023-03-09 04:16:17
1022,331,16351.207160355796,-8830.382681386553,11462.136200674593,-5857.478294940228,229.4995005070304,-52.05356109864745,135.0112809200165,35.07061828640837,12,2023-03-09 04:16:26
1023,340,16351.37364248377,-8829.960104761878,11451.250906125108,-5781.089497643817,229.4995005070304,-52.05356109864745,135.0112809200165,35.07061828640837,12,2023-03-09 04:16:35
1024,361,1749.9495497691896,0.47431269935032105,-261.5292345708099,2244.1245975906695,229.4995005070304,-52.05356109864745,135.0112809200165,35.07061828640837,12,2023-03-09 04:16:56
1025,370,1749.9904637413806,0.3561387354238832,-270.04859341504925,2325.474433875618,229.4995005070304,-52.05356109864745,135.0112809200165,35.07061828640837,12,2023-03-09 04:17:05
1026,379,1749.7248198750526,0.9439093209067551,-279.42804202345997,2407.1502319776955,229.4995005070304,-52.05356109864745,135.0112809200165,35.07061828640837,12,2023-03-09 04:17:14
1027,400,-14652.791564223218,-7542.786082288257,8704.322839150336,12718.482918472582,229.4995005070304,-52.05356109864745,135.0112809200165,35.07061828640837,12,2023-03-09 04:17:35
1028,409,-14652.22865379368,-7542.785788584072,8704.909380145591,12795.87210740213,229.4995005070304,-52.05356109864745,135.0112809200165,35.07061828640837,12,2023-03-09 04:17:44
1029,417,-14652.496173446547,-7542.920717997557,8705.728574339799,12873.939457976738,229.4995005070304,-52.05356109864745,135.0112809200165,35.07061828640837,12,2023-03-09 04:17:52
1030,438,1749.6523734063885,0.6900974478327271,-336.2201424629802,2957.7098092509204,229.4995005070304,-52.05356109864745,135.0112809200165,35.07061828640837,12,2023-03-09 04:18:13
1031,447,1749.3896598320248,0.8513450729793703,-344.7621373282004,3039.9104224623075,229.4995005070304,-52.05356109864745,135.0112809200165,35.07061828640837,12,2023-03-09 04:18:22
1032,456,1749.218969454455,0.979411489331028,-353.1281090548532,3121.241728634055,229.4995005070304,-52.05356109864745,135.0112809200165,35.07061828640837,12,2023-03-09 04:18:31
1033,477,3037.289661501484,12575.332435366869,-15674.127426167206,1220.7568288579382,229.4995005070304,-52.05356109864745,135.0112809200165,35.07061828640837,12,2023-03-09 04:18:52
1034,486,3037.5234599096757,12575.312842704452,-15687.77922067826,1307.4458222655521,229.4995005070304,-52.05356109864745,135.0112809200165,35.07061828640837,12,2023-03-09 04:19:01
1035,495,3037.4808610956507,12575.259160228541,-15701.389034937336,1394.4191115090375,229.4995005070304,-52.05356109864745,135.0112809200165,35.07061828640837,12,2023-03-09 04:19:10
1036,516,1750.2950346727744,0.8039614261747374,-406.8522942903428,3667.771229450639,229.4995005070304,-52.05356109864745,135.0112809200165,35.07061828640837,12,2023-03-09 04:19:31
1037,525,1750.4454174506463,0.6818206118225589,-414.55908886043744,3749.2299023732103,229.4995005070304,-52.05356109864745,135.0112809200165,35.07061828640837,12,2023-03-09 04:19:40
1038,533,1750.785747074201,0.6960484991708427,-422.3427020608369,3830.21056284862,229.4995005070304,-52.05356109864745,135.0112809200165,35.07061828640837,12,2023-03-09 04:19:48
1039,0,0.0,0.0,0.0,0.0,247.4478286147492,-50.01302703500811,134.99546732302485,25.080609721939194,13,2023-03-09 04:20:22
1040,9,0.19277289007959553,0.39024574496693276,-29.29765139161873,80.95084154799963,247.4478286147492,-50.01302703500811,134.99546732302485,25.080609721939194,13,2023-03-09 04:20:31
1041,17,0.5534209387974443,0.4849941169311478,-58.24434055988377,161.98293806033064,247.4478286147492,-50.01302703500811,134.99546732302485,25.080609721939194,13,2023-03-09 04:20:39
1042,39,-19026.00563359375,-2976.677398488769,-568.0812875927586,12829.076160733617,247.4478286147492,-50.01302703500811,134.99546732302485,25.080609721939194,13,2023-03-09 04:21:01
1043,48,-19025.791548789188,-2976.736829826751,-590.686655388788,12910.386527861037,247.4478286147492,-50.01302703500811,134.99546732302485,25.080609721939194,13,2023-03-09 04:21:10
1044,56,-19025.531686315913,-2976.4859048086437,-613.6083711391393,12991.664904744326,247.4478286147492,-50.01302703500811,134.99546732302485,25.080609721939194,13,2023-03-09 04:21:18
1045,78,0.9514694083236463,0.6725353660215205,-254.86354077891065,716.7212420007886,247.4478286147492,-50.01302703500811,134.99546732302485,25.080609721939194,13,2023-03-09 04:21:40
1046,87,1.5221954140429261,0.4414232416138475,-283.1684401621601,797.8387927103739,247.4478286147492,-50.01302703500811,134.99546732302485,25.080609721939194,13,2023-03-09 04:21:49
1047,95,1.8024015569267249,1.0721370998169277,-312.34798008148346,878.7076506269316,247.4478286147492,-50.01302703500811,134.99546732302485,25.080609721939194,13,2023-03-09 04:21:57
1048,117,-13281.219941232019,-9254.11226581933,7126.496246938052,11545.884178233942,247.4478286147492,-50.01302703500811,134.99546732302485,25.080609721939194,13,2023-03-09 04:22:19
1049,125,-13281.563946488222,-9254.23005779109,7104.802152742934,11624.515280127405,247.4478286147492,-50.01302703500811,134.99546732302485,25.080609721939194,13,2023-03-09 04:22:27
1050,134,-13281.625823312424,-9254.313092505912,7083.090774904167,11703.202089201563,247.4478286147492,-50.01302703500811,134.99546732302485,25.080609721939194,13,2023-03-09 04:22:36
1051,156,2.1537652379379324,1.343145432468873,-506.13183292566646,1431.5413448069237,247.4478286147492,-50.01302703500811,134.99546732302485,25.080609721939194,13,2023-03-09 04:22:58
1052,164,2.210774842194496,1.3385107880822034,-534.3950029338885,1512.7373335951845,247.4478286147492,-50.01302703500811,134.99546732302485,25.080609721939194,13,2023-03-09 04:23:06
1053,173,2.120821624839664,1.2872140350992822,-562.6668723796456,1594.2234545639337,247.4478286147492,-50.01302703500811,134.99546732302485,25.080609721939194,13,2023-03-09 04:23:15
1054,194,10895.29198636443,10465.377451133736,-8941.038510122598,-8404.953552496198,247.4478286147492,-50.01302703500811,134.99546732302485,25.080609721939194,13,2023-03-09 04:23:36
1055,203,10894.989571957467,10465.491446236118,-8975.674031644507,-8320.055981500263,247.4478286147492,-50.01302703500811,134.99546732302485,25.080609721939194,13,2023-03-09 04:23:45
1056,212,10895.305500824816,10465.750316092715,-9010.330760937188,-8235.43216114383,247.4478286147492,-50.01302703500811,134.99546732302485,25.080609721939194,13,2023-03-09 04:23:54
1057,233,2.829136218736039,1.9936218200257372,-754.7910607063955,2147.3117613506106,247.4478286147492,-50.01302703500811,134.99546732302485,25.080609721939194,13,2023-03-09 04:24:15
1058,242,2.8562406245214333,2.012176217851902,-782.8271921000464,2228.7318672872116,247.4478286147492,-50.01302703500811,134.99546732302485,25.080609721939194,13,2023-03-09 04:24:24
1059,251,3.502185022523463,1.706461287642469,-810.3893712361355,2309.974387651684,247.4478286147492,-50.01302703500811,134.99546732302485,25.080609721939194,13,2023-03-09 04:24:33
1060,272,15469.804947915622,7720.321078624812,-5285.97250382046,-9597.332587894563,247.4478286147492,-50.01302703500811,134.99546732302485,25.080609721939194,13,2023-03-09 04:24:54
1061,281,15469.742448253397,7719.966846909287,-5319.908605204308,-9513.997500563168,247.4478286147492,-50.01302703500811,134.99546732302485,25.080609721939194,13,2023-03-09 04:25:03
1062,290,15470.32673553456,7720.160727027161,-5354.231466342106,-9431.17805873857,247.4478286147492,-50.01302703500811,134.99546732302485,25.080609721939194,13,2023-03-09 04:25:12
1063,311,5.543352869210594,2.0830747689075224,-999.9704765326328,2863.325910677233,247.4478286147492,-50.01302703500811,134.99546732302485,25.080609721939194,13,2023-03-09 04:25:33
1064,320,5.844374051105206,1.8496885456130485,-1027.6088511580383,2945.4112661388817,247.4478286147492,-50.01302703500811,134.99546732302485,25.080609721939194,13,2023-03-09 04:25:42
1065,329,5.879185950311694,1.2989483029542725,-1054.7306994723385,3027.1763527852613,247.4478286147492,-50.01302703500811,134.99546732302485,25.080609721939194,13,2023-03-09 04:25:51
1066,350,15944.25513471815,-7319.195385269771,9941.659956125124,-4088.585319132912,247.4478286147492,-50.01302703500811,134.99546732302485,25.080609721939194,13,2023-03-09 04:26:12
1067,358,15943.863649117555,-7318.9919557215435,9912.130672149236,-4011.0919349166493,247.4478286147492,-50.01302703500811,134.99546732302485,25.080609721939194,13,2023-03-09 04:26:20
1068,367,15944.481063537842,-7319.210458485969,9883.384950462118,-3934.286435951215,247.4478286147492,-50.01302703500811,134.99546732302485,25.080609721939194,13,2023-03-09 04:26:29
1069,388,4.847998335628745,1.692066583052565,-1240.8252477748988,3576.8326776740337,247.4478286147492,-50.01302703500811,134.99546732302485,25.080609721939194,13,2023-03-09 04:26:50
1070,397,4.830707560915926,1.8346600644463251,-1268.4188832530822,3658.476511555439,247.4478286147492,-50.01302703500811,134.99546732302485,25.080609721939194,13,2023-03-09 04:26:59
1071,406,5.553209605898246,1.7429809682596442,-1295.6826763153572,3740.0567343743915,247.4478286147492,-50.01302703500811,134.99546732302485,25.080609721939194,13,2023-03-09 04:27:08
1072,0,0.0,0.0,0.0,0.0,206.23643915305067,20.01469631815919,44.29220605239886,25.57663457009716,9,2023-03-09 04:31:02
1073,9,0.3616632109697093,0.09432824165287457,-107.3890161165366,80.8479540703388,206.23643915305067,20.01469631815919,44.29220605239886,25.57663457009716,9,2023-03-09 04:31:11
1074,18,-0.014543929989940807,0.5835700815381983,-214.82994251236107,161.13291639581888,206.23643915305067,20.01469631815919,44.29220605239886,25.57663457009716,9,2023-03-09 04:31:20
1075,39,13395.803686491354,313.24415853803487,9731.085053631936,-8156.194564734035,206.23643915305067,20.01469631815919,44.29220605239886,25.57663457009716,9,2023-03-09 04:31:41
1076,48,13396.008854054959,312.9479217163251,9629.769818829303,-8071.3499760123095,206.23643915305067,20.01469631815919,44.29220605239886,25.57663457009716,9,2023-03-09 04:31:50
1077,58,13395.814072503583,313.3479720969234,9518.69288201076,-7979.4068218140255,206.23643915305067,20.01469631815919,44.29220605239886,25.57663457009716,9,2023-03-09 04:32:00
1078,78,0.6004909011380732,0.8477678963060953,-932.3852390340988,698.9659328040148,206.23643915305067,20.01469631815919,44.29220605239886,25.57663457009716,9,2023-03-09 04:32:20
1079,87,1.233187303671457,0.8743531092235912,-1039.7286006341546,779.1013023412645,206.23643915305067,20.01469631815919,44.29220605239886,25.57663457009716,9,2023-03-09 04:32:29
1080,96,1.1707993219147284,1.0270157958757409,-1147.416571313505,859.2428953477806,206.23643915305067,20.01469631815919,44.29220605239886,25.57663457009716,9,2023-03-09 04:32:38
1081,116,-12799.324009531643,3717.512179977709,-14489.433477233684,5539.418616370694,206.23643915305067,20.01469631815919,44.29220605239886,25.57663457009716,9,2023-03-09 04:32:58
1082,125,-12799.379611493692,3717.824036463547,-14601.93341926252,5613.658428222496,206.23643915305067,20.01469631815919,44.29220605239886,25.57663457009716,9,2023-03-09 04:33:07
1083,134,-12799.62978272273,3717.591274530095,-14714.057495252058,5688.240106002824,206.23643915305067,20.01469631815919,44.29220605239886,25.57663457009716,9,2023-03-09 04:33:16
1084,155,1.7518788870006574,0.7408384142181035,-1862.8113692245847,1391.0876861016661,206.23643915305067,20.01469631815919,44.29220605239886,25.57663457009716,9,2023-03-09 04:33:37
1085,163,1.451041312475354,0.9501482061295974,-1970.8395249124437,1470.7346653544519,206.23643915305067,20.01469631815919,44.29220605239886,25.57663457009716,9,2023-03-09 04:33:45
1086,172,1.9202796948206924,0.8058561963522948,-2078.019789780501,1550.1240032375208,206.23643915305067,20.01469631815919,44.29220605239886,25.57663457009716,9,2023-03-09 04:33:54
1087,193,-12419.413049791434,4721.415421054957,-15816.752115386256,5166.266222468347,206.23643915305067,20.01469631815919,44.29220605239886,25.57663457009716,9,2023-03-09 04:34:15
1088,202,-12418.777927020392,4721.172758667633,-15928.386708291382,5240.029839173526,206.23643915305067,20.01469631815919,44.29220605239886,25.57663457009716,9,2023-03-09 04:34:24
1089,211,-12419.422899424479,4721.145997776044,-16041.55566825815,5314.447320280394,206.23643915305067,20.01469631815919,44.29220605239886,25.57663457009716,9,2023-03-09 04:34:33
1090,232,2.218478551071712,1.2789505247368993,-2801.4061905377616,2081.8055912927675,206.23643915305067,20.01469631815919,44.29220605239886,25.57663457009716,9,2023-03-09 04:34:54
1091,241,2.21695934278614,1.2084124849053524,-2910.4701664609393,2161.8079571095195,206.23643915305067,20.01469631815919,44.29220605239886,25.57663457009716,9,2023-03-09 04:35:03
1092,250,2.3808097688515772,1.4281719475135901,-3019.287340128045,2241.1656286689704,206.23643915305067,20.01469631815919,44.29220605239886,25.57663457009716,9,2023-03-09 04:35:12
1093,270,-11484.697444460551,6494.35394733567,-17186.3805720605,3863.632191980186,206.23643915305067,20.01469631815919,44.29220605239886,25.57663457009716,9,2023-03-09 04:35:32
1094,279,-11484.58720883566,6494.554879883978,-17298.33330865082,3936.76588783226,206.23643915305067,20.01469631815919,44.29220605239886,25.57663457009716,9,2023-03-09 04:35:41
1095,288,-11485.012620825148,6494.642631369109,-17410.66875656308,4010.203624057782,206.23643915305067,20.01469631815919,44.29220605239886,25.57663457009716,9,2023-03-09 04:35:50
1096,309,3.007641779890946,1.5247202810272142,-3743.179751836641,2768.586660595352,206.23643915305067,20.01469631815919,44.29220605239886,25.57663457009716,9,2023-03-09 04:36:11
1097,318,3.4284421905226736,1.6180894763976994,-3851.8633905578554,2847.3324718386366,206.23643915305067,20.01469631815919,44.29220605239886,25.57663457009716,9,2023-03-09 04:36:20
1098,326,3.429828206355978,1.7496554362523398,-3960.534124713462,2925.9323234006897,206.23643915305067,20.01469631815919,44.29220605239886,25.57663457009716,9,2023-03-09 04:36:28
1099,348,-11512.920686376912,-6427.674818551378,-9430.432282695716,14885.445154072084,206.23643915305067,20.01469631815919,44.29220605239886,25.57663457009716,9,2023-03-09 04:36:50
1100,356,-11512.519628425776,-6428.093088553896,-9546.021211202282,14962.066937233682,206.23643915305067,20.01469631815919,44.29220605239886,25.57663457009716,9,2023-03-09 04:36:58
1101,365,-11512.822572003712,-6427.9036007217765,-9663.79023082223,15039.268035515697,206.23643915305067,20.01469631815919,44.29220605239886,25.57663457009716,9,2023-03-09 04:37:07
1102,387,3.874942998561437,1.688184669075099,-4699.76066699667,3459.502176826817,206.23643915305067,20.01469631815919,44.29220605239886,25.57663457009716,9,2023-03-09 04:37:29
1103,395,4.506422646602459,2.0949590421082576,-4809.516896422855,3537.8439721590325,206.23643915305067,20.01469631815919,44.29220605239886,25.57663457009716,9,2023-03-09 04:37:37
1104,404,4.404549858611517,2.1942934929043645,-4918.898814726655,3616.2234932925985,206.23643915305067,20.01469631815919,44.29220605239886,25.57663457009716,9,2023-03-09 04:37:46
1105,437,-14350.963365996882,-27734.439430406015,2311.59204041476,34173.03112696997,206.23643915305067,20.01469631815919,44.29220605239886,25.57663457009716,9,2023-03-09 04:38:19
1106,446,-14351.089160792184,-27734.39617315269,2186.2356393224445,34254.90250809474,206.23643915305067,20.01469631815919,44.29220605239886,25.57663457009716,9,2023-03-09 04:38:28
1107,455,-14350.860517580328,-27734.291292216913,2061.7608410360417,34336.015101256395,206.23643915305067,20.01469631815919,44.29220605239886,25.57663457009716,9,2023-03-09 04:38:37
1108,476,-20912.691212748472,-38573.76762756866,3906.997117918732,47023.85342865478,206.23643915305067,20.01469631815919,44.29220605239886,25.57663457009716,9,2023-03-09 04:38:58
1109,485,-20912.499588311017,-38573.42439127691,3774.828604546994,47105.54746468417,206.23643915305067,20.01469631815919,44.29220605239886,25.57663457009716,9,2023-03-09 04:39:07
1110,494,-20912.575292733152,-38573.62831215291,3642.7449913851774,47187.7772656916,206.23643915305067,20.01469631815919,44.29220605239886,25.57663457009716,9,2023-03-09 04:39:16
1111,515,-14349.817676772342,-27734.228845647438,1211.9033220836116,34887.905027639135,206.23643915305067,20.01469631815919,44.29220605239886,25.57663457009716,9,2023-03-09 04:39:37
1112,524,-14350.420968404876,-27734.516196503493,1086.4357128889083,34969.3567806268,206.23643915305067,20.01469631815919,44.29220605239886,25.57663457009716,9,2023-03-09 04:39:46
1113,533,-14350.572729948215,-27734.002401607413,960.7905293814468,35049.79733998543,206.23643915305067,20.01469631815919,44.29220605239886,25.57663457009716,9,2023-03-09 04:39:55
1114,554,-2519.6374326499154,-22739.674548851886,7613.073589303116,24084.581164864077,206.23643915305067,20.01469631815919,44.29220605239886,25.57663457009716,9,2023-03-09 04:40:16
