,Res ra,Res dec,Res az,Res alt,Base Ra,Base Dec,Base Az,Base Alt,Snakes
0,-0.0478314094380039,-0.13692392658413155,253.7542519223507,-148.56757578383508,157.0158710313238,-12.61569583870476,59.545224550825445,60.2878555268354,1
1,0.1357037912953274,-0.08342505970517777,84.67235156450386,-49.38308501834854,157.0158710313238,-12.61569583870476,59.545224550825445,60.2878555268354,1
2,0.31330260180766345,0.09697128756940288,-84.20891953795149,49.28958747942147,157.0158710313238,-12.61569583870476,59.545224550825445,60.2878555268354,1
3,-0.4011749837673051,0.12337769871990645,-254.2176839488519,148.6610733226854,157.0158710313238,-12.61569583870476,59.545224550825445,60.2878555268354,1
4,-0.3244797281809042,-0.4425352869432686,265.0008280660188,-138.53674009928056,156.6653528490806,-9.133541588394621,53.843639278433486,58.30538596940874,2
5,0.25786349577856527,-0.011578032337666855,88.76166677149797,-46.47329458171612,156.6653528490806,-9.133541588394621,53.843639278433486,58.30538596940874,2
6,0.17419951535657674,0.24077272163225416,-88.22107010825562,46.04956498277488,156.6653528490806,-9.133541588394621,53.843639278433486,58.30538596940874,2
7,-0.10758328305655596,0.21334059765507618,-265.54142472926117,138.96046969817064,156.6653528490806,-9.133541588394621,53.843639278433486,58.30538596940874,2
8,-0.1462158254184942,-0.37089169951585177,258.9092715068517,-148.34576571257116,157.01607063632662,-12.61561163286905,59.093284791989994,60.55000001747574,3
9,-0.07825860105867832,-0.032709144391418477,85.57695832031698,-49.036466121845024,157.01607063632662,-12.61561163286905,59.093284791989994,60.55000001747574,3
10,0.10934101245538841,0.19216088215685545,-86.02299589291533,49.24921757252889,157.01607063632662,-12.61561163286905,59.093284791989994,60.55000001747574,3
11,0.11513341402178412,0.21143996175680968,-258.46323393425337,148.13301426191288,157.01607063632662,-12.61561163286905,59.093284791989994,60.55000001747574,3
12,-0.04668480529517183,-0.08564795674601555,233.34623450748495,-136.72861694047356,155.72258232600623,-15.867664943591423,62.60411519129388,63.697159799886265,4
13,0.08065800689109892,0.11639951437274476,57.591617961762154,-33.80337964059379,155.72258232600623,-15.867664943591423,62.60411519129388,63.697159799886265,4
14,-0.033973201391290786,-0.030751557633124094,-290.93785246929826,170.53199658104177,155.72258232600623,-15.867664943591423,62.60411519129388,63.697159799886265,4
15,-0.16187130954676832,-0.16402453838040287,260.7843869453376,-146.84793222778296,157.0161142620903,-12.615419611272172,58.634023411789364,60.811120497831574,5
16,0.018222307323867426,0.10341044868411586,86.70807893363133,-48.93288015214239,157.0161142620903,-12.615419611272172,58.634023411789364,60.811120497831574,5
17,-0.017766890243819944,0.12499569125665744,-86.99634110943748,48.94696473388649,157.0161142620903,-12.615419611272172,58.634023411789364,60.811120497831574,5
18,0.16141589226208453,-0.06438160155397554,-260.4961247694803,146.83384764596212,157.0161142620903,-12.615419611272172,58.634023411789364,60.811120497831574,5
19,0.3145230103882568,0.23631333854865488,285.1886353052606,-148.12265434122196,154.51768070297618,-15.064947443699586,59.02417805686048,64.37740305152616,6
20,0.14822099653883924,-0.0041896901052496105,95.25550145622788,-49.1905333013392,154.51768070297618,-15.064947443699586,59.02417805686048,64.37740305152616,6
21,-0.20590378221641004,0.1829300540421741,-95.4758876399751,49.256443698862995,154.51768070297618,-15.064947443699586,59.02417805686048,64.37740305152616,6
22,-0.2568402249153223,-0.4150537024855794,-284.9682491214878,148.05674394385164,154.51768070297618,-15.064947443699586,59.02417805686048,64.37740305152616,6
23,-0.27756989006775257,0.06813442987407825,264.9011172017879,-146.59204999147448,157.0162276115934,-12.61535185858029,58.16683489248324,61.071765648299895,7
24,0.18816931117271452,0.1912918365341909,88.828905966011,-49.27624519380913,157.0162276115934,-12.61535185858029,58.16683489248324,61.071765648299895,7
25,0.019210481525533396,-0.24228747135950357,-88.10457590975034,49.15728298880708,157.0162276115934,-12.61535185858029,58.16683489248324,61.071765648299895,7
26,0.07019009747182281,-0.017138795035975818,-265.62544725807413,146.71101219647653,157.0162276115934,-12.61535185858029,58.16683489248324,61.071765648299895,7
27,-0.09803040171618704,-0.05143811344225924,275.8868650493298,-122.38361783962546,153.5201663799034,-12.75141424680053,53.10258295036954,63.77905076748084,8
28,-0.13050959506699655,0.0369498086975284,68.82366667219628,-30.43459594164517,153.5201663799034,-12.75141424680053,53.10258295036954,63.77905076748084,8
29,0.2285399967831836,0.014488304738335955,-344.7105317215005,152.81821378124505,153.5201663799034,-12.75141424680053,53.10258295036954,63.77905076748084,8
30,0.27356849002444505,-0.06884830960061095,269.1524119745168,-145.793438741282,157.01637149460106,-12.615216739940589,57.69574567928189,61.32930629516878,9
31,-0.12027871312056959,-0.20130740135968495,89.98815738849544,-48.33887137001227,157.01637149460106,-12.615216739940589,57.69574567928189,61.32930629516878,9
32,-0.2744774903362668,0.06549868963361405,-90.05991349575311,48.787029803102655,157.01637149460106,-12.615216739940589,57.69574567928189,61.32930629516878,9
33,0.12118771333007317,0.20465702131389207,-269.08065586723353,145.34528030824276,157.01637149460106,-12.615216739940589,57.69574567928189,61.32930629516878,9
34,-0.09246419090231939,0.09851976700048226,243.00445033225913,-147.4162012568513,160.07528090013602,-10.917510342947478,58.86816087282597,58.089757156472174,10
35,-0.03236942009152699,-0.26166419754147796,81.52915662827809,-48.88866025492007,160.07528090013602,-10.917510342947478,58.86816087282597,58.089757156472174,10
36,-0.11557979784129202,0.007310168751928359,-81.26998410657507,49.30095924551665,160.07528090013602,-10.917510342947478,58.86816087282597,58.089757156472174,10
37,0.24041340873282024,0.15583426179546223,-243.2636228540133,147.00390226620357,160.07528090013602,-10.917510342947478,58.86816087282597,58.089757156472174,10
38,-0.22590300753222436,0.08889549865500612,29.71927178095939,82.16326196171622,51.35901330333534,-50.11052794553839,224.96744476950343,24.890234516247332,12
39,0.0790961287123082,0.28977552745175217,0.1548049398365947,-0.5378593965602363,51.35901330333534,-50.11052794553839,224.96744476950343,24.890234516247332,12
40,0.1468068788454957,-0.37867102613233783,-29.8740767208983,-81.62540256516877,51.35901330333534,-50.11052794553839,224.96744476950343,24.890234516247332,12
41,-0.7335514868174187,0.2417078927919647,26.51193774187277,82.04107111176597,54.85341858590211,-49.99271372870215,225.7821477367178,26.904486974163365,13
42,0.27106235563962855,-0.05829369517016403,0.0026679169081944565,0.1831954604654129,54.85341858590211,-49.99271372870215,225.7821477367178,26.904486974163365,13
43,0.46248913112663104,-0.18341419762180067,-26.514605658780965,-82.2242665722186,54.85341858590211,-49.99271372870215,225.7821477367178,26.904486974163365,13
44,0.21532640579380313,0.0949383803828141,29.910044154780735,81.7588045688396,51.359533870515115,-50.110714110655756,224.89611061587865,24.6940755395191,14
45,-0.08605766940661397,0.1489937918194073,0.10077384916939991,-0.23282155230930357,51.359533870515115,-50.110714110655756,224.89611061587865,24.6940755395191,14
46,-0.12926873643834824,-0.24393217225338049,-30.01081800425709,-81.52598301655587,51.359533870515115,-50.110714110655756,224.89611061587865,24.6940755395191,14
47,-0.6193008969262337,0.07412622331628427,28.115697099201498,86.66515432917805,54.85487501654245,-50.028326665402055,225.67950568832256,26.714443386221394,15
48,-0.2635637121926493,0.2205317758551928,-0.547556037963659,-2.5311299943666654,54.85487501654245,-50.028326665402055,225.67950568832256,26.714443386221394,15
49,0.8828646090421444,-0.2946579991458975,-27.568141061340157,-84.13402433483697,54.85487501654245,-50.028326665402055,225.67950568832256,26.714443386221394,15
50,-0.05713258515243069,-0.05058432541318325,29.849708373455996,81.15512663406292,51.359889269324185,-50.11098661685543,224.82405706395625,24.49838785534872,16
51,0.052311729092480164,-0.052377475131493156,-0.018884408814301423,0.07954160106891095,51.359889269324185,-50.11098661685543,224.82405706395625,24.49838785534872,16
52,0.0048208560343709905,0.10296180049351733,-29.830823964744013,-81.23466823515741,51.359889269324185,-50.11098661685543,224.82405706395625,24.49838785534872,16
53,-0.41750481055089494,-0.018245920230697266,28.31149160848554,75.91363329338066,49.36750672846889,-52.985374397358534,221.36618388705222,24.140800343476656,17
54,0.23120829538925136,0.04117970223376233,0.09039977358042961,0.08184707681522241,49.36750672846889,-52.985374397358534,221.36618388705222,24.140800343476656,17
55,0.1862965151104845,-0.022933782079803677,-28.40189138196365,-75.99548037018309,49.36750672846889,-52.985374397358534,221.36618388705222,24.140800343476656,17
56,-0.016654232732093988,0.14587151840999013,30.36232655283584,81.03954806103388,51.36014464446163,-50.111212675297914,224.75135141327826,24.302928129651196,18
57,0.09073418353295892,-0.12457523141051752,0.009912691007230023,0.38054284944308847,51.36014464446163,-50.111212675297914,224.75135141327826,24.302928129651196,18
58,-0.0740799507752854,-0.021296286999472613,-30.372239243945387,-81.42009091046418,51.36014464446163,-50.111212675297914,224.75135141327826,24.302928129651196,18
59,-0.3452432577773834,0.16676048681460998,35.53321213853451,84.57159448182665,49.73804460819534,-47.01415062209287,227.48613725845237,22.142711934741673,19
60,-0.09805464421219767,0.04326071059779224,0.017383698320827534,-0.10794446988739992,49.73804460819534,-47.01415062209287,227.48613725845237,22.142711934741673,19
61,0.4432979020151606,-0.21002119741240222,-35.55059583654838,-84.46365001191367,49.73804460819534,-47.01415062209287,227.48613725845237,22.142711934741673,19
62,0.05300468001792069,0.16036728499386754,30.702742926837345,81.02812886374693,51.360601832076476,-50.11139078385461,224.67792939091433,24.107519634888437,20
63,0.018515643571959117,-0.020203318288736227,-0.011421183205584384,-0.0015582416764914342,51.360601832076476,-50.11139078385461,224.67792939091433,24.107519634888437,20
64,-0.07152032358987981,-0.14016396673071085,-30.69132174363176,-81.02657062203207,51.360601832076476,-50.11139078385461,224.67792939091433,24.107519634888437,20
65,-0.1234921543073142,0.17154778796850678,33.9673623231306,79.71615648109633,47.86699009314736,-50.021803443194706,223.89471246817584,21.873424616456138,21
66,-0.15045827495896447,0.010548225358775198,-0.03257379743217825,-0.13599953303042867,47.86699009314736,-50.021803443194706,223.89471246817584,21.873424616456138,21
67,0.27395042926627866,-0.18209601337844106,-33.93478852580074,-79.5801569480659,47.86699009314736,-50.021803443194706,223.89471246817584,21.873424616456138,21
68,-0.19010975444757605,0.023044662037818853,30.74133657233915,80.6835549913103,51.361313972267055,-50.11152674762051,224.60387370080517,23.91240047428377,22
69,-0.25657979170432554,0.02768541566240401,0.00868650063239329,-0.0956536188752466,51.361313972267055,-50.11152674762051,224.60387370080517,23.91240047428377,22
70,0.4466895461007425,-0.050730077674643326,-30.750023072869226,-80.58790137239669,51.361313972267055,-50.11152674762051,224.60387370080517,23.91240047428377,22
71,0.2635982894616973,0.22543598000197562,10.56282185973032,81.62576547783829,68.89168549884069,-52.14823449896314,225.00849712255055,34.93547864763096,23
72,-0.2729931438409494,0.049016139320201546,0.06053254496691807,-0.1224583831202608,68.89168549884069,-52.14823449896314,225.00849712255055,34.93547864763096,23
73,0.009394854430411215,-0.2744521192710181,-10.623354404697238,-81.50330709466687,68.89168549884069,-52.14823449896314,225.00849712255055,34.93547864763096,23
74,-0.330891411039147,-0.229481064218362,12.159789699899193,86.43733236212654,70.819112243504,-49.22899032966325,228.71197918928615,35.73845670748718,24
75,0.23370871435872687,0.1448300571183836,0.21742174478731613,0.16147396387680146,70.819112243504,-49.22899032966325,228.71197918928615,35.73845670748718,24
76,0.0971826967315792,0.08465100715113749,-12.377211444481873,-86.59880632597776,70.819112243504,-49.22899032966325,228.71197918928615,35.73845670748718,24
77,0.39549292127958324,0.2033699100195463,10.936080340263743,81.67453659101511,68.89212754992356,-52.148358710262904,224.98310442206846,34.73912475903916,25
78,-0.5959912196146888,-0.017667285285938306,-0.056432456710808765,-0.3924764419252824,68.89212754992356,-52.148358710262904,224.98310442206846,34.73912475903916,25
79,0.20049829823278742,-0.18570262475918753,-10.879647883348298,-81.28206014908983,68.89212754992356,-52.148358710262904,224.98310442206846,34.73912475903916,25
80,-0.4166308952108011,-0.29856938980685754,4.454781647746131,78.93198243846768,72.08540693262631,-53.571760238939,223.40340254563455,36.671008632335756,26
81,-0.10236221163495429,0.3076893526781532,0.3929598551962954,-0.12294429512849092,72.08540693262631,-53.571760238939,223.40340254563455,36.671008632335756,26
82,0.5189931068969145,-0.009119962820136607,-4.8477415029424265,-78.8090381433392,72.08540693262631,-53.571760238939,223.40340254563455,36.671008632335756,26
83,-0.1142658701610344,0.4023741512781953,11.566476889765909,81.62511143814868,68.89243283828252,-52.1484649503064,224.95678340068375,34.5427436741029,27
84,-0.16190240628475294,-0.09044929226718068,-0.1362947852499019,-0.3032900893117585,68.89243283828252,-52.1484649503064,224.95678340068375,34.5427436741029,27
85,0.2761682765481055,-0.31192485903659417,-11.430182104720643,-81.3218213488625,68.89243283828252,-52.1484649503064,224.95678340068375,34.5427436741029,27
86,-2.0459763196924996,-2.8077544041451574,12.554055127986885,81.1582258223865,65.4524265432856,-51.51833414346991,225.3464137322586,32.25310376955557,28
87,0.8101433934200486,1.4280321049568556,1.77503326126498,0.2608882251479372,65.4524265432856,-51.51833414346991,225.3464137322586,32.25310376955557,28
88,1.235832926272451,1.3797222991627223,-14.329088389149547,-81.41911404750886,65.4524265432856,-51.51833414346991,225.3464137322586,32.25310376955557,28
89,-0.29930913872817655,0.03576969734808699,11.4680370039423,81.32765848441181,68.89286018208934,-52.1485355309073,224.9295785543596,34.34647352793346,29
90,-0.15282120237429808,0.08443882838378158,0.11412372814447735,-0.029224435786545655,68.89286018208934,-52.1485355309073,224.9295785543596,34.34647352793346,29
91,0.45213034105131555,-0.12020852565512996,-11.582160732291413,-81.29843404857411,68.89286018208934,-52.1485355309073,224.9295785543596,34.34647352793346,29
92,0.15342276067826788,-0.0832628290794446,5.496472519496365,78.98004777375718,72.03869971034096,-53.67442641705397,223.24894914441586,36.26686141289372,30
93,-0.1079693002395743,0.15564323226726628,0.20826757478289437,-0.019549520146711075,72.03869971034096,-53.67442641705397,223.24894914441586,36.26686141289372,30
94,-0.04545346043869358,-0.07238040321340122,-5.704740094279259,-78.96049825358489,72.03869971034096,-53.67442641705397,223.24894914441586,36.26686141289372,30
95,-0.3732320343090123,0.14824593162643396,11.952839250545821,81.06125951010767,68.89318014611847,-52.14866619518302,224.90143838594358,34.15071708535741,31
96,0.03364105343734991,-0.08252627744695928,-0.08388727751480474,0.013209036885086789,68.89318014611847,-52.14866619518302,224.90143838594358,34.15071708535741,31
97,0.3395909809228215,-0.06571965420505421,-11.868951973031017,-81.07446854699276,68.89318014611847,-52.14866619518302,224.90143838594358,34.15071708535741,31
98,0.12212911744313715,0.8701984888318748,13.41307290823579,85.52215984290683,71.47967391872231,-49.79400609772609,227.96175812368645,35.39788426461255,32
99,-1.0067274057462328,-1.505704392988605,-1.9111141316898284,-0.4761807236519644,71.47967391872231,-49.79400609772609,227.96175812368645,35.39788426461255,32
100,0.8845982883030956,0.6355059041311506,-11.50195877664828,-85.04597911930603,71.47967391872231,-49.79400609772609,227.96175812368645,35.39788426461255,32
101,-0.49961226272898784,-0.04797663788167483,12.10408949656312,81.10494061213274,68.89341959695896,-52.14881497849817,224.8723672094142,33.955083632654464,33
102,-0.13143133659809791,0.14441891000842588,0.19693880758495652,0.04306959056918913,68.89341959695896,-52.14881497849817,224.8723672094142,33.955083632654464,33
103,0.6310435993270858,-0.09644227210117151,-12.301028304250394,-81.1480102027275,68.89341959695896,-52.14881497849817,224.8723672094142,33.955083632654464,33
104,0.3117134668912058,0.4293510153615898,-13.513046582681909,81.90102145439084,87.00582839491317,-51.997394660771924,225.03310086711647,44.92940370405563,34
105,-0.3826187073798337,-0.36007861877465075,-0.41589153645418264,-0.41630183184224734,87.00582839491317,-51.997394660771924,225.03310086711647,44.92940370405563,34
106,0.07090524033515067,-0.06927239653577999,13.928938119340728,-81.4847196225486,87.00582839491317,-51.997394660771924,225.03310086711647,44.92940370405563,34
107,-0.021865827216061007,0.2481688790339831,-21.69905212552976,78.64655305752422,90.32021508307592,-53.110491472681275,223.02051450515955,46.64622350220998,35
108,0.10422743868616635,-0.1002826754245234,-0.13444344660911156,0.04204318316851641,90.32021508307592,-53.110491472681275,223.02051450515955,46.64622350220998,35
109,-0.08236161152126442,-0.14788620363503924,21.83349557224119,-78.68859624064157,90.32021508307592,-53.110491472681275,223.02051450515955,46.64622350220998,35
110,-0.31495353422883454,0.09370102456500717,-13.318889403490175,81.53529752138411,87.00660486249025,-51.99716721933381,225.06636739409075,44.733954276672755,36
111,-0.016830012583568532,0.113141039142306,0.1643942480768601,0.11690648607896037,87.00660486249025,-51.99716721933381,225.06636739409075,44.733954276672755,36
112,0.3317835468124031,-0.20684206370731317,13.154495155310997,-81.65220400751423,87.00660486249025,-51.99716721933381,225.06636739409075,44.733954276672755,36
113,-0.7732015983890506,0.331772717740364,-5.785437224665202,82.39476906988159,83.54422238902157,-51.51584279698818,226.0054961801185,42.54334438351166,37
114,0.14726039887023035,-0.11148875197761754,-0.1443192585725228,0.16660651438940022,83.54422238902157,-51.51584279698818,226.0054961801185,42.54334438351166,37
115,0.6259411994676611,-0.22028396576274645,5.929756483544679,-82.56137558424541,83.54422238902157,-51.51584279698818,226.0054961801185,42.54334438351166,37
116,-0.27945139650000783,-0.07595365373447294,-12.913117149957998,81.26594997017094,87.0068334522713,-51.99723317782259,225.0979969917627,44.53708750458844,38
117,-0.04888836062377777,0.05071487759664706,0.09765628878994903,-0.019302863128700665,87.0068334522713,-51.99723317782259,225.0979969917627,44.53708750458844,38
118,0.3283397570726265,0.02523877611224634,12.815460861372685,-81.24664710704224,87.0068334522713,-51.99723317782259,225.0979969917627,44.53708750458844,38
119,-0.079297691075908,0.13745231561586024,-7.885104551326094,80.12438221254854,83.62980776115445,-52.907974414113674,224.13642902430658,42.303402298108466,39
120,0.04600898058697567,-0.17358947748675746,-0.21341254984008629,-0.014955454756204745,83.62980776115445,-52.907974414113674,224.13642902430658,42.303402298108466,39
121,0.03328871059125049,0.03613716181973814,8.09851710116618,-80.10942675781791,83.62980776115445,-52.907974414113674,224.13642902430658,42.303402298108466,39
122,-0.3561285439218409,0.20715370249888565,-11.938802119459524,81.38232776233565,87.00718316203849,-51.99730513853874,225.12810427893848,44.34065931953808,40
123,0.114651008891542,-0.17461799443196924,-0.23463892829340693,0.07546873032424628,87.00718316203849,-51.99730513853874,225.12810427893848,44.34065931953808,40
124,0.24147753513261705,-0.03253570811807549,12.173441047548295,-81.45779649268547,87.00718316203849,-51.99730513853874,225.12810427893848,44.34065931953808,40
125,0.20449630740131397,-0.07476814904805451,-3.643527583960804,86.3161413975348,84.21640281782827,-49.88770408355532,228.21168112909467,42.63676176422893,41
126,-0.20436464608906135,-0.09077953093878932,-0.08575787365998622,-0.41027947641509854,84.21640281782827,-49.88770408355532,228.21168112909467,42.63676176422893,41
127,-0.00013166120993446384,0.1655476800380029,3.7292854573138356,-85.90586192119645,84.21640281782827,-49.88770408355532,228.21168112909467,42.63676176422893,41
128,-0.38780142770633574,-0.04400689898886867,-11.760175476024415,81.7723256817601,87.00749701162802,-51.99725841599001,225.15697913852694,44.14405554646509,42
129,0.3068695869444582,0.12426289506493049,0.19047059062131666,0.03670583494113089,87.00749701162802,-51.99725841599001,225.15697913852694,44.14405554646509,42
130,0.08093184071071846,-0.0802559959993232,11.569704885505416,-81.8090315167268,87.00749701162802,-51.99725841599001,225.15697913852694,44.14405554646509,42
131,0.09539720754787595,0.19916472418799458,-13.308603727512036,84.78449416941487,89.95214196477859,-50.110363884168805,227.5414340481411,46.091113783874285,43
132,-0.36540955758823657,-0.002170336179574406,0.04520354568740004,-0.1435671517413084,89.95214196477859,-50.110363884168805,227.5414340481411,46.091113783874285,43
133,0.27001234993804246,-0.1969943880851588,13.263400181722318,-84.64092701759682,89.95214196477859,-50.110363884168805,227.5414340481411,46.091113783874285,43
134,-0.02899426849012343,-0.06190500141940447,-11.179161558368378,81.59454155219805,87.00774174363956,-51.997317690177994,225.18427497950645,43.94760363175919,44
135,0.0889967768216593,0.09729816437982208,0.14716323494212702,0.07808284133830057,87.00774174363956,-51.997317690177994,225.18427497950645,43.94760363175919,44
136,-0.06000250822921771,-0.03539316296041761,11.031998323630887,-81.67262439358751,87.00774174363956,-51.997317690177994,225.18427497950645,43.94760363175919,44
137,-0.14516279204599414,0.21645347727314856,-48.52551638290379,81.9106631323109,104.25465248278759,-49.67775210506428,225.07251144721235,54.924277669971936,45
138,0.06535799265634523,-0.01425251878117706,-0.022164689335113508,0.06924826861052225,104.25465248278759,-49.67775210506428,225.07251144721235,54.924277669971936,45
139,0.07980479933848983,-0.20220095844081243,48.547681072136584,-81.97991140089584,104.25465248278759,-49.67775210506428,225.07251144721235,54.924277669971936,45
140,0.30873356596998747,-0.19599659510731726,-59.118026089822706,73.9173627125922,105.97131735524472,-52.72752887756334,219.531715468372,54.684718224835585,46
141,-0.04457039158864973,-0.05242464065418062,0.13148989537512534,-0.22954182483090335,105.97131735524472,-52.72752887756334,219.531715468372,54.684718224835585,46
142,-0.26416317438133774,0.2484212358382365,58.98653619444758,-73.68782088778687,105.97131735524472,-52.72752887756334,219.531715468372,54.684718224835585,46
143,0.02932799956170129,-0.07143095945139066,-47.785518630075785,81.76753447261547,104.25498587607768,-49.67770278615794,225.18952975059793,54.72600793976151,47
144,-0.1266959915028565,0.158401317585799,0.3974430771563675,-0.10794872403323552,104.25498587607768,-49.67770278615794,225.18952975059793,54.72600793976151,47
145,0.09736799188999612,-0.08697035813440834,47.388075553021736,-81.65958574855665,104.25498587607768,-49.67770278615794,225.18952975059793,54.72600793976151,47
146,0.08410800110141281,-0.2045938780184997,-33.7572472483771,87.74042136504931,101.65561985012147,-47.337933762990076,229.88654535529517,53.60420306625772,48
147,-0.33877316128041457,-0.014510648043142282,0.10007754701746308,-0.2262728806499581,101.65561985012147,-47.337933762990076,229.88654535529517,53.60420306625772,48
148,0.2546651601278427,0.219104526061642,33.65716970146195,-87.5141484844761,101.65561985012147,-47.337933762990076,229.88654535529517,53.60420306625772,48
149,-0.03159959426284331,-0.04176804054623062,-46.49308684646485,81.62727779576358,104.25523124938316,-49.677753577953276,225.30333063710592,54.52808063021044,49
150,0.09806158695937484,0.02233032186040873,0.06404837313311873,0.03484867874590236,104.25523124938316,-49.677753577953276,225.30333063710592,54.52808063021044,49
151,-0.06646199264537245,0.01943771871140143,46.42903847312709,-81.6621264744839,104.25523124938316,-49.677753577953276,225.30333063710592,54.52808063021044,49
152,-0.20973597248712395,-0.008473085171090133,-39.410358270515644,79.57650919583443,101.14844075648584,-51.284761749250805,223.8063221091489,52.05676363805449,50
153,0.004741197489011029,0.030566760156602868,-0.00442764038552923,0.1895184395976912,101.14844075648584,-51.284761749250805,223.8063221091489,52.05676363805449,50
154,0.20499477489579476,-0.022093674985512735,39.41478591059422,-79.76602763548328,101.14844075648584,-51.284761749250805,223.8063221091489,52.05676363805449,50
155,-0.05464198662821218,-0.1475448010552327,-45.64356846667579,81.79742806094339,104.2555543800086,-49.67772162721379,225.41465270869978,54.32989317645727,51
156,-0.17864398554365835,0.1653448766319343,0.34862813784002356,-0.012444390145560646,104.2555543800086,-49.67772162721379,225.41465270869978,54.32989317645727,51
157,0.23328597212071145,-0.017800075525542525,45.294940328733446,-81.78498367079783,104.2555543800086,-49.67772162721379,225.41465270869978,54.32989317645727,51
158,-0.3583259530500982,0.04465259468418026,-56.45173583512815,74.45190832011406,106.59002095758383,-52.283734292895964,220.37961148240808,54.67321434078235,52
159,0.17229597921186723,-0.06642107745733483,-0.04833971507878232,-0.0404043670584997,106.59002095758383,-52.283734292895964,220.37961148240808,54.67321434078235,52
160,0.18602997399170818,0.021768482773154574,56.50007555010461,-74.41150395305556,106.59002095758383,-52.283734292895964,220.37961148240808,54.67321434078235,52
161,-0.27250676145058605,-0.10916700516361288,-44.406312906437506,81.71379351185237,104.25573423798154,-49.67761218511038,225.52399533943694,54.13058410531128,53
162,0.06898559808519167,-0.14660951871405814,-0.25420937030276036,0.06229883077253362,104.25573423798154,-49.67761218511038,225.52399533943694,54.13058410531128,53
163,0.2035211633142353,0.25577652382651195,44.66052227663795,-81.77609234259933,104.25573423798154,-49.67761218511038,225.52399533943694,54.13058410531128,53
164,0.08750159943815561,-0.20021063818660423,-46.41454674616625,74.76293166732546,103.28335451539566,-53.03937464014759,220.61232742934513,52.34934668773273,54
165,0.2931911469318038,0.21804348608895907,0.2527950985950156,0.27139429220426337,103.28335451539566,-53.03937464014759,220.61232742934513,52.34934668773273,54
166,-0.3806927463699594,-0.017832847851195766,46.16175164798051,-75.03432595950414,103.28335451539566,-53.03937464014759,220.61232742934513,52.34934668773273,54
167,-0.7820495186990684,0.32752546518111103,-42.536527405377456,81.72420063894208,104.25661284454803,-49.67778517206036,225.63009512889474,53.9313411151014,55
168,-0.2853935721987,0.15899831462320435,0.3643274161845511,-0.0751691524897069,104.25661284454803,-49.67778517206036,225.63009512889474,53.9313411151014,55
169,1.0674430908466093,-0.4865237797019972,42.17219998949986,-81.64903148647795,104.25661284454803,-49.67778517206036,225.63009512889474,53.9313411151014,55
170,0.43868155275390563,-0.0004664440865553843,-106.46338720500808,81.60328480298062,119.61209646599055,-45.537415254595885,225.13696773619833,64.92028286397857,56
171,-0.08613358914431046,0.08060772076703415,0.3009158801432932,0.01882353063820119,119.61209646599055,-45.537415254595885,225.13696773619833,64.92028286397857,56
172,-0.352547963507277,-0.08014127673163784,106.16247132466015,-81.62210833361883,119.61209646599055,-45.537415254595885,225.13696773619833,64.92028286397857,56
173,-0.5719739410039892,-0.8234626779369592,-89.91209170060301,79.61007174484962,116.50796416742571,-47.14933853200793,224.3461331192665,62.171563308289954,57
174,0.7097447299315718,1.422645717480009,2.2774390917902565,1.115312832527593,116.50796416742571,-47.14933853200793,224.3461331192665,62.171563308289954,57
175,-0.13777078887642347,-0.5991830395430497,87.6346526090174,-80.72538457747953,116.50796416742571,-47.14933853200793,224.3461331192665,62.171563308289954,57
176,-0.13085518731941193,-0.0721780787841908,-103.86579372619735,81.60166001566154,119.61234204163283,-45.537308367498184,225.3922255623902,64.72213881907781,58
177,0.08345279012473839,-0.05239392077953653,-0.14267715851019602,0.08448195512755774,119.61234204163283,-45.537308367498184,225.3922255623902,64.72213881907781,58
178,0.047402397296991694,0.12457199956372733,104.00847088470755,-81.68614197073794,119.61234204163283,-45.537308367498184,225.3922255623902,64.72213881907781,58
179,-0.2999219664047814,0.02827848465472016,-130.01828563586741,75.61248247918115,123.05756454541672,-46.14044700922028,221.25029324255095,66.35271007878585,59
180,0.09578639372875841,0.12534995853457076,-0.08417816843575565,0.34687274282987346,123.05756454541672,-46.14044700922028,221.25029324255095,66.35271007878585,59
181,0.20413557262486393,-0.15362844324045,130.1024638044055,-75.95935522201103,123.05756454541672,-46.14044700922028,221.25029324255095,66.35271007878585,59
182,-0.06655319183437314,0.05681520058260503,-101.39763547595066,82.06658044247774,119.61256689994259,-45.53727528446695,225.64158979764457,64.5232284548947,60
183,-0.28011957031708334,-0.02983859738492356,0.18996591635414006,-0.13368870815497758,119.61256689994259,-45.53727528446695,225.64158979764457,64.5232284548947,60
184,0.3466727621514565,-0.026976603248840547,101.20766955980116,-81.93289173437392,119.61256689994259,-45.53727528446695,225.64158979764457,64.5232284548947,60
185,-0.09853799061829704,-0.004824718723739352,-100.6481659142878,89.52943906339783,121.2162361799629,-42.426364358578326,231.31778534766931,66.82534245660212,61
186,-0.2604947705606264,0.19744704313779948,0.731210709568586,-0.06011781413803874,121.2162361799629,-42.426364358578326,231.31778534766931,66.82534245660212,61
187,0.3590327610766053,-0.1926223243884806,99.91695520482153,-89.46932124920863,121.2162361799629,-42.426364358578326,231.31778534766931,66.82534245660212,61
188,0.0038975993504664075,-0.013276560062536191,-99.30380765516702,82.37992774550094,119.61280419125343,-45.53711319853583,225.88703754118274,64.3224705957809,62
189,0.04086599658990053,0.047851439597934586,0.22977794218377312,-0.004909254391805007,119.61280419125343,-45.53711319853583,225.88703754118274,64.3224705957809,62
190,-0.044763595838048786,-0.034574879560977934,99.07402971308557,-82.37501849100681,119.61280419125343,-45.53711319853583,225.88703754118274,64.3224705957809,62
191,-0.3727139617865305,-0.11192651884357474,-74.05517995989612,87.78264004562004,116.25556048991554,-44.55838906039654,230.18007899695158,62.466904291396,63
192,0.13445398696489974,0.1396969195809561,0.3193385589497666,0.09568004677191766,116.25556048991554,-44.55838906039654,230.18007899695158,62.466904291396,63
193,0.23825997482163075,-0.02777040076296089,73.73584140115099,-87.87832009231522,116.25556048991554,-44.55838906039654,230.18007899695158,62.466904291396,63
194,-0.16914358216126857,-0.021870598413897824,-97.25424428962697,82.80900529124438,119.61293306523957,-45.53711288070369,226.12521040431997,64.1221089532642,64
195,-0.02295839550470191,0.10145928024769546,0.3684640737674272,-0.00840267825878982,119.61293306523957,-45.53711288070369,226.12521040431997,64.1221089532642,64
196,0.19210197766597048,-0.0795886818082181,96.88578021575722,-82.80060261293443,119.61293306523957,-45.53711288070369,226.12521040431997,64.1221089532642,64
197,-0.18064318133497181,-0.03740615942433578,-72.28735256348955,88.1622489258092,116.25079067930814,-44.575632206481735,230.32586160050164,62.24313651921412,65
198,0.11261278870051683,0.07349291965397242,0.13270716862052723,0.1347916874948396,116.25079067930814,-44.575632206481735,230.32586160050164,62.24313651921412,65
199,0.0680303925832959,-0.0360867602040571,72.15464539486902,-88.29704061332961,116.25079067930814,-44.575632206481735,230.32586160050164,62.24313651921412,65
200,-0.12983158540578188,0.030858121178312103,-94.66967324335656,82.86568146900493,119.61316108321596,-45.53706399117249,226.35798754094142,63.92118743042758,66
201,0.15145438122203814,-0.130080241413566,-0.3763159466984689,0.12174293882765141,119.61316108321596,-45.53706399117249,226.35798754094142,63.92118743042758,66
202,-0.021622795969733488,0.09922212018409482,95.0459891899527,-82.98742440783258,119.61316108321596,-45.53706399117249,226.35798754094142,63.92118743042758,66
203,-0.08556120824323443,-0.27399671723173924,-233.63943612524736,81.3576177304526,132.84353953273808,-40.039885603474175,225.28284617727522,74.91654892245506,67
204,-0.05076717501424355,0.3641889617142624,1.54777535545918,0.19390179200513558,132.84353953273808,-40.039885603474175,225.28284617727522,74.91654892245506,67
205,0.1363283834621143,-0.09019224448252317,232.09166076968586,-81.5515195225089,132.84353953273808,-40.039885603474175,225.28284617727522,74.91654892245506,67
206,-0.08764439255628531,-0.014779077238813443,-215.66791519406934,70.73887100598313,131.9794085442174,-43.43219291919336,217.84066291783697,72.14494514415655,68
207,-0.11627878697026972,0.030700083755164087,0.8286642894177021,-0.13381693285623442,131.9794085442174,-43.43219291919336,217.84066291783697,72.14494514415655,68
208,0.20392317942423688,-0.015921006516350644,214.83925090454932,-70.60505407328037,131.9794085442174,-43.43219291919336,217.84066291783697,72.14494514415655,68
209,-0.13140958616304488,0.045849364343553134,-226.68377441013945,82.74683497826345,132.8438362624051,-40.03943648431738,225.84710533682428,74.7155086287833,69
210,0.07616639126126756,-0.0388604425182848,0.7137543421322334,-0.2011129111565424,132.8438362624051,-40.03943648431738,225.84710533682428,74.7155086287833,69
211,0.055243194901777315,-0.006988921825268335,225.97002006821185,-82.54572206715807,132.8438362624051,-40.03943648431738,225.84710533682428,74.7155086287833,69
212,-0.06112319196063254,0.03621600222913912,-264.177979296187,65.12650719084832,135.07214077576867,-42.73881850813763,214.53477764274524,74.0515820355839,70
213,-0.16915919038638094,-0.08466839371692458,0.4702345076907477,-0.13259466587101087,135.07214077576867,-42.73881850813763,214.53477764274524,74.0515820355839,70
214,0.23028238224469533,0.048452391462205924,263.70774478839394,-64.99391252487499,135.07214077576867,-42.73881850813763,214.53477764274524,74.0515820355839,70
215,-0.23646718395866628,-0.06974459210482564,-220.882408109253,83.78379598021866,132.8443519590323,-40.0393631053012,226.4019866789822,74.50895244382862,71
216,0.06890278878017853,-0.09485748227859858,-0.519378662318104,0.15973039937762223,132.8443519590323,-40.0393631053012,226.4019866789822,74.50895244382862,71
217,0.16756439517848776,0.1646020744345833,221.40178677146878,-83.94352637959628,132.8443519590323,-40.0393631053012,226.4019866789822,74.50895244382862,71
218,0.10956358830753743,-0.06245256305703606,-145.06692833667785,96.00039520470318,129.84901160788152,-38.23390212057877,236.41073980845246,73.25560923693813,72
219,-0.12918118885636432,0.015060483548268166,0.4343742822584318,-0.1062955683664768,129.84901160788152,-38.23390212057877,236.41073980845246,73.25560923693813,72
220,0.019617600548826886,0.047392079457608816,144.63255405441942,-95.89409963638786,129.84901160788152,-38.23390212057877,236.41073980845246,73.25560923693813,72
221,-0.42180958184871997,-0.3101122659529665,-212.84254736071944,83.59878686785578,132.8445297600263,-40.03920334400711,226.9350695879468,74.30249578240131,73
222,0.25889998972843387,0.204024951378301,0.21864987531898805,0.3992981046224031,132.8445297600263,-40.03920334400711,226.9350695879468,74.30249578240131,73
223,0.16290959242724057,0.10608731454908593,212.62389748529813,-83.99808497237586,132.8445297600263,-40.03920334400711,226.9350695879468,74.30249578240131,73
224,1.3945678440904885,-0.3576678483369733,-228.31302959538107,69.20776017996673,133.62451627328718,-43.45251663771578,216.69980922746345,72.47313738515054,74
225,-0.2206079813163342,-0.032158672422610834,0.752006901166169,-0.18097075858349854,133.62451627328718,-43.45251663771578,216.69980922746345,72.47313738515054,74
226,-1.1739598627741543,0.3898265207340046,227.56102269431722,-69.02678942138323,133.62451627328718,-43.45251663771578,216.69980922746345,72.47313738515054,74
227,0.1911587749532373,-0.15633876634240096,-206.17578943484887,84.53027867462879,132.84463261402686,-40.039039171477214,227.45398716972804,74.09336936400614,75
228,0.18723118200796307,-0.040100526240394174,-0.21436470805156205,0.14039341629086266,132.84463261402686,-40.039039171477214,227.45398716972804,74.09336936400614,75
229,-0.37838995675656406,0.19643929260837467,206.39015414259347,-84.67067209091965,132.84463261402686,-40.039039171477214,227.45398716972804,74.09336936400614,75
230,-0.12575396984857434,0.34273200364793865,-171.89176214127428,80.1515195364118,130.4115971596252,-42.55396545385147,224.214118558327,71.06174491288436,76
231,0.42765236026980347,0.011010347628825912,-0.48218732671330145,0.34106976402199507,130.4115971596252,-42.55396545385147,224.214118558327,71.06174491288436,76
232,-0.30189839062586543,-0.35374235132792364,172.37394946788527,-80.49258930038263,130.4115971596252,-42.55396545385147,224.214118558327,71.06174491288436,76
233,-0.17166357863516168,0.11827584571904026,-198.85320459308105,85.23835832148734,132.84488100601024,-40.038961781818784,227.94783599547793,73.88625012663034,77
234,0.410445547731797,-0.3095096536441133,-1.1280635472644462,0.03708030199049972,132.84488100601024,-40.038961781818784,227.94783599547793,73.88625012663034,77
235,-0.23878196899431714,0.1912338078994935,199.98126814024317,-85.27543862337552,132.84488100601024,-40.038961781818784,227.94783599547793,73.88625012663034,77
236,-0.09706684782031516,-0.39916223238094517,-258.3758135083599,-79.48788722673044,162.38239424631752,-40.02783024882864,136.77749305110623,75.55421097978002,78
237,0.14939642094304872,0.22276474826696813,-0.2278718976072014,0.4091610829732417,162.38239424631752,-40.02783024882864,136.77749305110623,75.55421097978002,78
238,-0.052329573122733564,0.17639748416513612,258.6036854058648,79.0787261437572,162.38239424631752,-40.02783024882864,136.77749305110623,75.55421097978002,78
239,0.06692640210985701,0.0484286348751084,-263.1061080296263,-92.4221692138417,161.43682952887602,-36.66053778516652,126.75782961296737,78.19657284440504,79
240,0.1164299843480876,-0.07800696902506843,0.14026176357333497,0.07595629878665022,161.43682952887602,-36.66053778516652,126.75782961296737,78.19657284440504,79
241,-0.18335638656026276,0.029578334175539567,262.96584626605295,92.34621291500389,161.43682952887602,-36.66053778516652,126.75782961296737,78.19657284440504,79
242,0.16881243365105547,0.32671930668755067,-267.3988291528076,-77.65331743390789,162.3821610399892,-40.02789691187697,137.42851792689208,75.74840065713617,80
243,-0.0523139897609326,0.052012324098882345,-0.3044779411766285,0.11849728218180644,162.3821610399892,-40.02789691187697,137.42851792689208,75.74840065713617,80
244,-0.11649844378780472,-0.37873163081201255,267.7033070939842,77.53482015162376,162.3821610399892,-40.02789691187697,137.42851792689208,75.74840065713617,80
245,-0.0017928224792740366,-0.17438087991195061,-359.8831013114136,-61.30368596015501,158.94066272902566,-40.677278532800756,147.84834252885494,77.182669666733,81
246,0.08915041080399533,0.1281303533545497,-1.074778947543109,0.09534056201800922,158.94066272902566,-40.677278532800756,147.84834252885494,77.182669666733,81
247,-0.08735758842703945,0.04625052650624184,360.95788025905904,61.20834539808584,158.94066272902566,-40.677278532800756,147.84834252885494,77.182669666733,81
248,0.18147598721043323,-0.013660814227023366,-274.323317198548,-76.77596996747411,162.38204307334047,-40.027815694534375,138.098465541391,75.93996303405612,82
249,-0.2735027831477055,0.002681421523220706,0.2259669449699686,0.19347349015674808,162.38204307334047,-40.027815694534375,138.098465541391,75.93996303405612,82
250,0.09202679603959041,0.010979392729382198,274.0973502537827,76.5824964772662,162.38204307334047,-40.027815694534375,138.098465541391,75.93996303405612,82
251,0.548763452241019,-0.7636018020775737,-294.124481071583,-58.36706898555235,160.8041228165539,-43.15259125104088,150.18276969387043,74.51694415250316,83
252,-1.1685838412518024,0.5444874895403018,2.063778585466025,1.170016401204066,160.8041228165539,-43.15259125104088,150.18276969387043,74.51694415250316,83
253,0.6198203889084652,0.21911431251169233,292.06070248621927,57.197052584297126,160.8041228165539,-43.15259125104088,150.18276969387043,74.51694415250316,83
254,0.18446162644067954,0.2799422254327055,-284.4439349287086,-75.68786367146458,162.3818256530182,-40.02783038661727,138.7954613738565,76.1304930885403,84
255,0.39836280255940437,0.1966781687144703,-1.551560689949838,0.006801911405318606,162.3818256530182,-40.02783038661727,138.7954613738565,76.1304930885403,84
256,-0.5828244291024021,-0.47662039417275537,285.9954956185561,75.68106176011042,162.3818256530182,-40.02783038661727,138.7954613738565,76.1304930885403,84
257,0.23838957467887667,-0.062052978768178946,-263.8982190635943,-60.94514232799497,162.55717835892509,-43.52148413665234,148.02619850871898,73.59160660066281,85
258,-0.09869639027328958,0.019238287737266546,0.07412821087200427,0.13154093857679072,162.55717835892509,-43.52148413665234,148.02619850871898,73.59160660066281,85
259,-0.13969318420095078,0.04281469097975332,263.82409085262,60.81360138936702,162.55717835892509,-43.52148413665234,148.02619850871898,73.59160660066281,85
260,0.2168315887161043,0.012598303021604806,-292.5360042719376,-74.82024224286192,162.38169521338014,-40.02767505090704,139.50608395667777,76.31649220188773,86
261,0.13911119854128629,0.05133322902111104,-0.7337801174230663,0.014972281462632964,162.38169521338014,-40.02767505090704,139.50608395667777,76.31649220188773,86
262,-0.3559427872573906,-0.06393153199155677,293.269784389463,74.80526996150161,162.38169521338014,-40.02767505090704,139.50608395667777,76.31649220188773,86
263,0.055195202060076554,0.040537315661026696,-257.9137097785633,-93.6928822250593,162.89347016761977,-36.56584543822772,126.096920728638,78.14882144007133,87
264,0.2915747872521024,0.020175336882743977,0.21955732453875498,0.30513181966398406,162.89347016761977,-36.56584543822772,126.096920728638,78.14882144007133,87
265,-0.3467699894144971,-0.06071265254377067,257.6941524538711,93.38775040529299,162.89347016761977,-36.56584543822772,126.096920728638,78.14882144007133,87
266,0.0649859823170118,-0.10383288507398447,-300.1443013489393,-73.46320490130438,162.3815336697362,-40.02757744259432,140.25061095070075,76.50259562357927,88
267,-0.011449184000866808,0.11457516090445097,-1.1070296477782904,0.021710789019380172,162.3815336697362,-40.02757744259432,140.25061095070075,76.50259562357927,88
268,-0.05353679811150869,-0.010742275881625574,301.25133099661525,73.44149411218268,162.3815336697362,-40.02757744259432,140.25061095070075,76.50259562357927,88
269,0.16138435903485515,-0.17160469504915454,-107.91139909877074,-81.15712581917478,176.46426235218905,-45.4996569274635,135.1391280241987,65.078320308544,89
270,-0.3552767612518437,0.10807467315316899,-0.21194844090359766,0.14364831014290758,176.46426235218905,-45.4996569274635,135.1391280241987,65.078320308544,89
271,0.19389240221698856,0.06353002184482648,108.12334753967434,81.01347750908303,176.46426235218905,-45.4996569274635,135.1391280241987,65.078320308544,89
272,-0.2187264363101349,-0.23637213886047448,-84.85523762318508,-85.14032572456074,179.95755384930865,-45.29403409299504,132.29707751106676,63.08406276884781,90
273,-0.022065543043936486,0.2868813621347499,-0.6231744134993278,0.15786658741205883,179.95755384930865,-45.29403409299504,132.29707751106676,63.08406276884781,90
274,0.24079197935407137,-0.05050922322311635,85.47841203678672,84.98245913709752,179.95755384930865,-45.29403409299504,132.29707751106676,63.08406276884781,90
275,0.011686783943787304,-0.0810918011012518,-110.61311255463124,-80.8274121320892,176.46423171585195,-45.499685026227304,135.40406807737693,65.27394538834649,91
276,0.04754280716952053,0.05091335555391652,-0.48622285487454064,-0.16982709387889372,176.46423171585195,-45.499685026227304,135.40406807737693,65.27394538834649,91
277,-0.05922959131794414,0.030178445547335286,111.09933540950578,80.99723922612156,176.46423171585195,-45.499685026227304,135.40406807737693,65.27394538834649,91
278,-0.1945271837371365,0.041006298772572336,-86.72328220541203,-88.52587471111235,179.7745390959841,-44.36191817352375,130.71670191375685,63.789771005846056,92
279,0.176935194303951,0.011614782965807535,0.31337336422438966,0.44246297024983505,179.7745390959841,-44.36191817352375,130.71670191375685,63.789771005846056,92
280,0.01759198953550367,-0.052621081687220794,86.40990884098301,88.08341174078578,179.7745390959841,-44.36191817352375,130.71670191375685,63.789771005846056,92
281,0.4836468076973688,0.16956379471082528,-113.79376108735642,-80.46508183832088,176.46441180487213,-45.499531109810825,135.6754986318936,65.46947001737058,93
282,0.25190762909232944,0.2208490564441945,-0.8221221059443451,-0.06344108762164069,176.46441180487213,-45.499531109810825,135.6754986318936,65.46947001737058,93
283,-0.7355544371989708,-0.39041285120617886,114.61588319330076,80.52852292594253,176.46441180487213,-45.499531109810825,135.6754986318936,65.46947001737058,93
284,-0.08014197796910594,0.09555672771455193,-88.84022374157894,-84.75559850935497,179.94112434725153,-45.104163606477265,132.345275417576,63.585528009376134,94
285,0.26778719488902425,0.03481173426962414,-0.35686875171450083,-0.17272242869239562,179.94112434725153,-45.104163606477265,132.345275417576,63.585528009376134,94
286,-0.18764521681760016,-0.1303684618818579,89.19709249329344,84.92832093802178,179.94112434725153,-45.104163606477265,132.345275417576,63.585528009376134,94
287,0.548414400918773,0.15063234873196052,-116.38725742620863,-80.17907458628883,176.46449830185432,-45.499601191285585,135.95192838741465,65.66291953814488,95
288,-1.41155160499693,-0.4027382279190306,1.9752629232357322,0.6604623507428187,176.46449830185432,-45.499601191285585,135.95192838741465,65.66291953814488,95
289,0.8631372041804752,0.2521058792126496,114.41199450317754,79.51861223559717,176.46449830185432,-45.499601191285585,135.95192838741465,65.66291953814488,95
290,0.10431720828592006,0.06454511009508224,-111.4208053840116,-71.91395853823508,177.74231400990902,-48.755498920124474,141.34366907956195,63.257303572289175,96
291,0.03930118781454439,-0.046500843725993946,-0.02335948287282008,-0.030270695799572422,177.74231400990902,-48.755498920124474,141.34366907956195,63.257303572289175,96
292,-0.1436183962027826,-0.01804426639466783,111.44416486688442,71.94422923400907,177.74231400990902,-48.755498920124474,141.34366907956195,63.257303572289175,96
293,0.050522384151463484,-0.07006344473552417,-118.65564711646357,-79.99425364483841,176.46463787719094,-45.49954669739864,136.23677213152723,65.85723276506003,97
294,0.1563731923852174,0.0016535853774257703,-0.3528871032699499,-0.15166522747449562,176.46463787719094,-45.49954669739864,136.23677213152723,65.85723276506003,97
295,-0.20689557643436274,0.06840985933251886,119.00853421983584,80.14591887241522,176.46463787719094,-45.49954669739864,136.23677213152723,65.85723276506003,97
296,0.03757440996423611,0.06667751647455589,-99.42280482327988,-90.6976187167345,177.45739537161958,-42.14338605551996,128.10806741747191,66.86572866200055,98
297,-0.06697681886862483,-0.12802955365316393,0.029181945103573526,-0.19288304171141135,177.45739537161958,-42.14338605551996,128.10806741747191,66.86572866200055,98
298,0.029402409211343183,0.06135203720418758,99.3936228781763,90.89050175834359,177.45739537161958,-42.14338605551996,128.10806741747191,66.86572866200055,98
299,0.9105995914296727,0.1977416747592997,-122.04570759389526,-79.55231426231535,176.464336160871,-45.499556837003745,136.53120948902628,66.05258725486983,99
300,-1.5101916236972102,-0.5282618186470245,2.485146404490024,0.7061282376866984,176.464336160871,-45.499556837003745,136.53120948902628,66.05258725486983,99
301,0.5995920324721737,0.3305201439133043,119.5605611892006,78.84618602452633,176.464336160871,-45.499556837003745,136.53120948902628,66.05258725486983,99
302,-0.0686916608970023,-0.2547693528782702,-49.21964420735776,-81.42326467939824,191.8223908755592,-49.6141031858002,135.07292071734818,55.08233804903619,100
303,-0.03296516109685399,0.1538137233580983,-0.1757691841930864,0.25333890103809154,191.8223908755592,-49.6141031858002,135.07292071734818,55.08233804903619,100
304,0.10165682199385628,0.10095562941785374,49.395413391653165,81.169925778309,191.8223908755592,-49.6141031858002,135.07292071734818,55.08233804903619,100
305,0.05333276384362762,-0.15584388548290917,-53.64119666712668,-85.89066803040453,189.33233750901942,-47.15981277930169,131.92244485150636,57.546241180937045,101
306,0.15247319178115504,-0.016055535627401696,-0.18269867902063197,-0.2562085600828823,189.33233750901942,-47.15981277930169,131.92244485150636,57.546241180937045,101
307,-0.2058059557271008,0.17189942108473133,53.82389534614731,86.14687659051299,189.33233750901942,-47.15981277930169,131.92244485150636,57.546241180937045,101
308,-0.24285359929763217,-0.024322414904531797,-50.56706449132662,-80.95537238115469,191.82244362989732,-49.614078000138996,135.1941861360944,55.27863728516545,102
309,-0.14901958195423504,0.05675713538835225,-0.07919756503724784,0.11667448009973214,191.82244362989732,-49.614078000138996,135.1941861360944,55.27863728516545,102
310,0.39187318135418536,-0.03243472056055907,50.64626205626155,80.83869790102938,191.82244362989732,-49.614078000138996,135.1941861360944,55.27863728516545,102
311,0.1496880127433542,0.06928390469340684,-64.73109364461607,-74.36499946588242,188.82200018138656,-51.42005959723016,139.543104688771,56.43799559084226,103
312,-0.11382838904410164,0.025961171618860135,-0.08885902650490607,0.01972794630376029,188.82200018138656,-51.42005959723016,139.543104688771,56.43799559084226,103
313,-0.035859623801570706,-0.09524507631226697,64.81995267132561,74.34527151955308,188.82200018138656,-51.42005959723016,139.543104688771,56.43799559084226,103
314,0.0,0.0,0.0,0.0,191.82255179055431,-49.614105277183526,135.3038518099224,55.452049477011954,104
315,-0.2722733582913861,0.13311344843032202,-22.83649223775228,-38.89498111296348,194.84984457818405,-51.36804137759489,137.10644255452468,53.179051732523064,105
316,0.27227335818906795,-0.13311344845590156,22.83649223775228,38.8949811129379,194.84984457818405,-51.36804137759489,137.10644255452468,53.179051732523064,105
317,0.10393560382908618,0.02639302920215414,-53.14544164378958,-80.95084685659799,191.82265699656568,-49.61404720869441,135.44502982020833,55.670224741575474,106
318,-0.05145840740397034,-0.03597551458653925,-0.14023780541947417,-0.24309898414287545,191.82265699656568,-49.61404720869441,135.44502982020833,55.670224741575474,106
319,-0.05247719611816137,0.009582485461123724,53.285679449311374,81.19394584066413,191.82265699656568,-49.61404720869441,135.44502982020833,55.670224741575474,106
320,-0.23164553825836265,0.2067605042697096,-47.96451517195237,-76.84080438232854,194.59049838747896,-51.753107746004304,137.91011171838522,53.377633495518246,107
321,-0.04065483509521073,-0.13217375579301915,0.09644684544127813,-0.1579766800574589,194.59049838747896,-51.753107746004304,137.91011171838522,53.377633495518246,107
322,0.27230037314893707,-0.07458674847669045,47.868068326408775,76.99878106236042,194.59049838747896,-51.753107746004304,137.91011171838522,53.377633495518246,107
323,0.09616319956649022,0.008181830074249774,-54.380457765876145,-80.9359478555507,191.8226400615437,-49.61413819392598,135.57478138327807,55.8653516236933,108
324,-0.04434843481249118,-0.14688599546275327,0.33645665909034506,0.15800240020666934,191.8226400615437,-49.61413819392598,135.57478138327807,55.8653516236933,108
325,-0.05181476434472643,0.13870416533734442,54.0440011067858,80.77794545534402,191.8226400615437,-49.61413819392598,135.57478138327807,55.8653516236933,108
326,-5.562027135363223,-3.310589548394205,-56.493476236266815,-70.29706600305872,190.22166002803752,-52.72596574401737,141.42607638194326,55.62042796215449,109
327,3.099681879336913,1.3786554415077035,-3.587933244307351,-0.89220075605283,190.22166002803752,-52.72596574401737,141.42607638194326,55.62042796215449,109
328,2.462345256333265,1.9319341068865015,60.081409480574166,71.18926675911155,190.22166002803752,-52.72596574401737,141.42607638194326,55.62042796215449,109
329,-0.0683796044427254,-0.02549891288197159,-55.22988988614088,-80.35528220047183,191.8227252358818,-49.614109450368126,135.70807335848158,56.061422208934594,110
330,0.016627167713068047,-0.12941184175474518,0.22691430149279768,0.04148895128253116,191.8227252358818,-49.614109450368126,135.70807335848158,56.061422208934594,110
331,0.05175243672965735,0.15491075461113724,55.00297558485272,80.31379324913814,191.8227252358818,-49.614109450368126,135.70807335848158,56.061422208934594,110
332,0.28419480585171186,0.010396049947303254,-14.679252291273315,-81.89252305210175,209.0602777204721,-51.91151020105167,135.03534834811717,45.08700642061006,111
333,0.0374580073071229,0.024490076117444914,-0.12273328613900958,-0.35452058205578396,209.0602777204721,-51.91151020105167,135.03534834811717,45.08700642061006,111
334,-0.3216528130565166,-0.03488612601358909,14.80198557761696,82.24704363415754,209.0602777204721,-51.91151020105167,135.03534834811717,45.08700642061006,111
335,0.5888183994784413,-0.03366594207250273,-14.762518865836682,-81.75486250052302,210.9031517566424,-51.91392806944424,135.0454301755017,45.14048223599059,112
336,-0.07762797150689948,0.10672440817813822,-0.15138115646777806,0.13816171835401292,210.9031517566424,-51.91392806944424,135.0454301755017,45.14048223599059,112
337,-0.5111904279715418,-0.07305846610563549,14.913900022406779,81.61670078219458,210.9031517566424,-51.91392806944424,135.0454301755017,45.14048223599059,112
338,0.25219453062845787,0.45788277346332507,-15.343161069722555,-81.53587236536453,211.36494891032098,-51.91439658461391,135.04072293491785,45.11505791349909,113
339,-1.2183735836288179,-1.3147268316458849,1.984749790335627,0.7118155563603068,211.36494891032098,-51.91439658461391,135.04072293491785,45.11505791349909,113
340,0.9661790525910874,0.8568440582081394,13.35841127928461,80.82405680905538,211.36494891032098,-51.91439658461391,135.04072293491785,45.11505791349909,113
341,-0.7404864368140807,-0.1255910816752248,-15.004754073652293,-85.99361309819642,208.41670426246904,-48.92465253042432,131.10544020179054,47.45270714079688,114
342,0.12242280896543889,0.03190522705551757,-0.08767774520492821,-0.08236085559474304,208.41670426246904,-48.92465253042432,131.10544020179054,47.45270714079688,114
343,0.6180636278486418,0.09368585454296863,15.09243181895954,86.07597395379116,208.41670426246904,-48.92465253042432,131.10544020179054,47.45270714079688,114
344,-0.08096523832819003,-0.13304519152939065,-15.09571443796176,-81.3925162338677,211.36534329075494,-51.91405564388878,135.07636682910115,45.311297100567856,115
345,-0.05051275396681376,0.16887852537195158,-0.2840170214085447,-0.09453639312653195,211.36534329075494,-51.91405564388878,135.07636682910115,45.311297100567856,115
346,0.13147799219268563,-0.035833333791401856,15.379731459370305,81.4870526270198,211.36534329075494,-51.91405564388878,135.07636682910115,45.311297100567856,115
347,0.20836619925148625,-0.005566162136005914,-24.715761930599456,-82.33937151366888,206.0383652019689,-50.71356930828614,134.16569980606744,48.89153657110032,116
348,-0.20836619925148625,0.005566162110426376,24.715761930497138,82.3393715136433,206.0383652019689,-50.71356930828614,134.16569980606744,48.89153657110032,116
349,0.13906680934496762,0.025677585318817364,-15.893073879692565,-81.03738128677946,211.36528221974936,-51.91407232544901,135.11444600437486,45.509627493243194,117
350,-0.04513076177090625,0.14111556475029374,-0.20729866135980046,0.10263267975005874,211.36528221974936,-51.91407232544901,135.11444600437486,45.509627493243194,117
351,-0.09393604767637953,-0.16679315004353157,16.100372541052366,80.93474860700383,211.36528221974936,-51.91407232544901,135.11444600437486,45.509627493243194,117
352,1.208131433691051,0.8972025518687587,-22.855021652605956,-85.12157163786753,206.98348281459553,-49.69336849950878,132.53340005760143,48.68525057158063,118
353,-2.782541330634558,-2.0366944250667984,3.4755460457517984,1.4729108988603912,206.98348281459553,-49.69336849950878,132.53340005760143,48.68525057158063,118
354,1.574409896841189,1.1394918731468806,19.379475606956476,83.64866073903272,206.98348281459553,-49.69336849950878,132.53340005760143,48.68525057158063,118
355,-0.2072544415000266,-0.13793961815338207,-16.30208383169247,-81.04953283392717,211.36527651107792,-51.91408917401508,135.15404668212128,45.70773347183769,119
356,0.037185609778589424,0.03318887610817001,-0.0938618134000535,-0.1044091771376543,211.36527651107792,-51.91408917401508,135.15404668212128,45.70773347183769,119
357,0.170068831619119,0.1047507420707916,16.39594564539948,81.15394201106483,211.36527651107792,-51.91408917401508,135.15404668212128,45.70773347183769,119
358,-0.06991682942043553,-0.11851295261635642,-8.560232802972223,-88.17373432447653,212.26510673065158,-48.458554827812726,130.16550063004954,45.60721925904577,120
359,0.010129225995569868,0.10788887886121756,-0.14895641911607527,0.2882904430379085,212.26510673065158,-48.458554827812726,130.16550063004954,45.60721925904577,120
360,0.05978760362950197,0.01062407378071839,8.70918922198598,87.88544388138746,212.26510673065158,-48.458554827812726,130.16550063004954,45.60721925904577,120
361,0.25195084214146846,0.13758201344273857,-17.327542874249957,-80.93840384948692,211.36523946506193,-51.91414476861117,135.1950812427851,45.90486415421205,121
362,-0.6262656294097724,-0.0698927340067712,0.1528565342141519,0.354168642292052,211.36523946506193,-51.91414476861117,135.1950812427851,45.90486415421205,121
363,0.3743147872683039,-0.06768927938480829,17.174686340035805,80.58423520722044,211.36523946506193,-51.91414476861117,135.1950812427851,45.90486415421205,121
364,0.31981927245396946,0.20184884650120694,-17.711863410067963,-75.16736846894219,213.78548055876573,-55.07732451524816,139.31256083245032,44.07950035549137,122
365,-0.2612280316157012,-0.07937157261039829,0.1327735127347296,0.18757321463738208,213.78548055876573,-55.07732451524816,139.31256083245032,44.07950035549137,122
366,-0.058591240531313815,-0.12247727383964957,17.579089897333233,74.97979525422807,213.78548055876573,-55.07732451524816,139.31256083245032,44.07950035549137,122
367,0.45800416806969224,0.5809291917529436,-18.64548346831043,-81.01311040006465,211.36538235902148,-51.91429911912622,135.23763262282307,46.101008273284776,123
368,-0.49442294850905455,-0.5084483479237178,0.775757234066532,0.2659186454650353,211.36538235902148,-51.91429911912622,135.23763262282307,46.101008273284776,123
369,0.03641878043936231,-0.07248084385480524,17.8697262342439,80.74719175459961,211.36538235902148,-51.91429911912622,135.23763262282307,46.101008273284776,123
370,0.0,0.0,0.0,0.0,229.4995005070304,-52.05356109864745,135.0112809200165,35.07061828640837,124
371,0.312700713425329,-0.41344898996271695,10.495733629693405,-82.38309954312228,229.98526181278248,-52.05363882265434,135.00416256050485,35.12146418275815,125
372,-0.08642399318432581,0.04729020830609443,-0.1045095695872078,0.25668836026966346,229.98526181278248,-52.05363882265434,135.00416256050485,35.12146418275815,125
373,-0.2262767204456395,0.36615878168220206,-10.391224060106197,82.12641118285262,229.98526181278248,-52.05363882265434,135.00416256050485,35.12146418275815,125
374,-0.4032863441466361,0.27489004022811514,0.9278971870799069,-80.33801575438133,224.41905731218526,-52.772027941091096,135.66887592140486,38.64775481317805,126
375,0.2440727581642932,-0.19586654433396689,0.23866394561764537,-0.3713331386251184,224.41905731218526,-52.772027941091096,135.66887592140486,38.64775481317805,126
376,0.15921358608466107,-0.07902349586856872,-1.166561132595234,80.70934889308319,224.41905731218526,-52.772027941091096,135.66887592140486,38.64775481317805,126
377,0.16029475050345354,-0.23306221536358862,9.773101387315819,-81.58084073113798,229.98531948780033,-52.05358156129322,134.9804740985385,35.320482984801224,127
378,-0.5602343818168265,0.20115293369542542,-0.32027738152464735,0.5040785896596844,229.98531948780033,-52.05358156129322,134.9804740985385,35.320482984801224,127
379,0.3999396316203274,0.03190928171932228,-9.452824005484217,81.0767621414783,229.98531948780033,-52.05358156129322,134.9804740985385,35.320482984801224,127
380,-0.29909880355489804,0.0729489871645228,16.39571617176898,-81.22226206409096,235.60926838850742,-51.533085884076144,134.88517816632717,31.904890170675586,128
381,0.08294759966247511,-0.026009287549300097,0.06363039027519335,-0.22973368859737775,235.60926838850742,-51.533085884076144,134.88517816632717,31.904890170675586,128
382,0.21615120399474108,-0.04693969958964317,-16.459346561941857,81.45199575271391,235.60926838850742,-51.533085884076144,134.88517816632717,31.904890170675586,128
383,0.04810323470110234,0.1255347553779984,8.903642313669025,-81.39466737567318,229.98555587317824,-52.053460087882534,134.95767463514449,35.51969355693717,129
384,-0.07326005658114809,-0.20591183299245586,0.22678270285041435,0.10765020803091829,229.98555587317824,-52.053460087882534,134.95767463514449,35.51969355693717,129
385,0.02515682198236391,0.08037707758887791,-9.130425016621757,81.28701716766784,229.98555587317824,-52.053460087882534,134.95767463514449,35.51969355693717,129
386,-0.19880530895761694,-0.34402630159036107,10.872557900654556,-76.77694490224383,234.04149800668745,-54.50643426704329,138.19520587344712,33.4434870728686,130
387,0.016161590440333384,-0.039275161529417346,0.0063683243638479325,0.19407380294182985,234.04149800668745,-54.50643426704329,138.19520587344712,33.4434870728686,130
388,0.1826437184149654,0.38330146314535796,-10.878926225120722,76.58287109935316,234.04149800668745,-54.50643426704329,138.19520587344712,33.4434870728686,130
389,0.06127197401610829,-0.1171408858937184,8.806055432296489,-81.45849022399148,229.98558058419573,-52.05339680598488,134.93618778390453,35.71661358857911,131
390,0.10218594620710064,-0.23531484982015627,0.2866965880571115,-0.10865393904282428,229.98558058419573,-52.05339680598488,134.93618778390453,35.71661358857911,131
391,-0.16345792012089078,0.3524557356627156,-9.0927520203536,81.5671441630343,229.98558058419573,-52.05339680598488,134.93618778390453,35.71661358857911,131
392,-0.286100402070133,0.04478066836384187,-0.6640920615723189,-77.615242811234,225.42936010041342,-54.14879189391318,137.42933284535314,38.625089997876096,132
393,0.2768100274693097,0.04507437254801516,-0.07755106631748276,-0.22605388168699392,225.42936010041342,-54.14879189391318,137.42933284535314,38.625089997876096,132
394,0.00929037460082327,-0.08985504093743657,0.7416431278898017,77.84129669292099,225.42936010041342,-54.14879189391318,137.42933284535314,38.625089997876096,132
395,0.23203917543241914,-0.1501872222235079,8.483320485765944,-81.910844198174,229.98545059987234,-52.0533276862391,134.9155299580863,35.914957356810895,133
396,-0.03067439893129631,0.01106040292313537,-0.058674379454259906,0.28976901321300375,229.98545059987234,-52.0533276862391,134.9155299580863,35.914957356810895,133
397,-0.20136477650112283,0.13912681927479298,-8.424646106107048,81.621075184961,229.98545059987234,-52.0533276862391,134.9155299580863,35.914957356810895,133
398,-0.1416660007862447,0.030955933598875163,13.637801093761936,-86.78375868624641,230.3432314313366,-48.560421798804875,130.65356835688846,35.43382400517064,134
399,0.09213240740564288,0.01136327118160807,-0.013993417292113008,-0.09476527863228057,230.3432314313366,-48.560421798804875,130.65356835688846,35.43382400517064,134
400,0.049533593380601815,-0.042319204729324156,-13.623807676367505,86.87852396485312,230.3432314313366,-48.560421798804875,130.65356835688846,35.43382400517064,134
401,-0.2136983930995484,0.07668458045202442,7.73240078026447,-81.29933544017547,229.98575293288204,-52.053359077301415,134.8961185047191,36.11202677665582,135
402,-0.06331561522756601,-0.045456233900154075,0.025606210169826227,0.15933748239547185,229.98575293288204,-52.053359077301415,134.8961185047191,36.11202677665582,135
403,0.2770140083271144,-0.031228346551870345,-7.75800699022966,81.13999795780558,229.98575293288204,-52.053359077301415,134.8961185047191,36.11202677665582,135
404,-0.2487312762923466,-0.29174662064122003,29.18066398380006,-80.97792653610156,247.4478977067704,-50.01294599428015,134.98736158302935,25.103103590421444,136
405,-0.055958386212751066,0.09849912432571273,-0.11698740781866945,-0.02708498810193305,247.4478977067704,-50.01294599428015,134.98736158302935,25.103103590421444,136
406,0.30468966250509766,0.19324749628992777,-29.063676576083708,81.00501152422908,247.4478977067704,-50.01294599428015,134.98736158302935,25.103103590421444,136
407,-0.22934402736609627,-0.04402078072303084,22.710817114170823,-81.29970371270474,242.1628907565363,-50.83986963992701,134.8313584050507,28.66682523984095,137
408,-0.015259222800523276,-0.10345211870514959,0.10544931814138181,0.01066341471442911,242.1628907565363,-50.83986963992701,134.8313584050507,28.66682523984095,137
409,0.244603250473574,0.1474728994026009,-22.816266432209886,81.2890402980031,242.1628907565363,-50.83986963992701,134.8313584050507,28.66682523984095,137
410,-0.47388605147489216,-0.056163203137771234,28.596446228641526,-81.03465311192224,247.44822454682136,-50.0128246187389,134.91672843774498,25.302208581692724,138
411,0.09683995424438763,-0.28727532754544427,0.29154684539207665,0.08289759766313409,247.44822454682136,-50.0128246187389,134.91672843774498,25.302208581692724,138
412,0.3770460971281864,0.34343853065763597,-28.887993073931284,80.95175551422074,247.44822454682136,-50.0128246187389,134.91672843774498,25.302208581692724,138
413,0.2499624454685545,0.10620621942223352,21.69985540970174,-78.64967095369906,243.75853141928323,-52.583643277241094,136.96902187622717,28.309646902269094,139
414,-0.09404281073557286,-0.01158575233830561,0.005761214583799301,-0.018569060235051893,243.75853141928323,-52.583643277241094,136.96902187622717,28.309646902269094,139
415,-0.15591963493761796,-0.09462046716066652,-21.70561662418322,78.66824001392132,243.75853141928323,-52.583643277241094,136.96902187622717,28.309646902269094,139
416,-0.008021997018659022,0.02018868060247314,28.26606982073372,-81.29269951509883,247.44842911120335,-50.01265954702148,134.84702346115085,25.500841400917533,140
417,0.04898760723790474,0.015554036215803535,0.002899812511714117,-0.09671072683801185,247.44842911120335,-50.01265954702148,134.84702346115085,25.500841400917533,140
418,-0.040965610116927564,-0.0357427167671176,-28.268969633245433,81.38941024191126,247.44842911120335,-50.01265954702148,134.84702346115085,25.500841400917533,140
419,0.09629998226046155,-0.16228668710311922,34.64259077883298,-84.80632078276358,250.47427186096647,-47.10593266339121,132.50222257277446,22.769457713129906,141
420,-0.20611442470226393,-0.04829158472148265,0.007069256923841749,0.09125021317117898,250.47427186096647,-47.10593266339121,132.50222257277446,22.769457713129906,141
421,0.10981444264643869,0.21057827187576095,-34.649660035756824,84.71507056960519,250.47427186096647,-47.10593266339121,132.50222257277446,22.769457713129906,141
422,-0.2333844031568333,0.08953537817717461,27.878147307728796,-81.36091074588734,247.44867931492195,-50.012498122107594,134.7780592096876,25.69968546418822,142
423,-0.2062799973714391,0.10808977600333947,-0.15798408592218038,0.05919519071397872,247.44867931492195,-50.012498122107594,134.7780592096876,25.69968546418822,142
424,0.43966440063059054,-0.1976251542060936,-27.72016322201125,81.30171555518615,247.44867931492195,-50.012498122107594,134.7780592096876,25.69968546418822,142
425,-0.15309598560406812,0.17152777105877703,34.06502130186482,-83.16320549579643,251.74503918249954,-47.86854104865984,133.517679121602,22.437784893495092,143
426,-0.2155956478304688,-0.18270394446631144,0.12891991801780023,0.1718818355996632,251.74503918249954,-47.86854104865984,133.517679121602,22.437784893495092,143
427,0.36869163333221877,0.011176173407534407,-34.1939412197803,82.99132366019677,251.74503918249954,-47.86854104865984,133.517679121602,22.437784893495092,143
428,-0.21228475422958581,0.33917089642443443,27.466199188438623,-81.97859918989678,247.44942740297793,-50.01254261726575,134.71006824643567,25.898749863568952,144
429,0.08873642766502599,0.10578467312996054,-0.17217543696688153,0.10675627175231739,247.44942740297793,-50.01254261726575,134.71006824643567,25.898749863568952,144
430,0.12354832687151429,-0.44495556952881543,-27.294023751267105,81.87184291813168,247.44942740297793,-50.01254261726575,134.71006824643567,25.898749863568952,144
431,0.05518559366919362,-0.06278544399265229,29.268096546263678,-77.26408913265743,251.87677304506155,-52.0461194238486,137.7489095062412,23.9663538247169,145
432,-0.3363000069271038,0.14064410423486606,-0.2611874296235328,0.22929508360505224,251.87677304506155,-52.0461194238486,137.7489095062412,23.9663538247169,145
433,0.28111441336022835,-0.0778586601910547,-29.006909116742463,77.03479404903959,251.87677304506155,-52.0461194238486,137.7489095062412,23.9663538247169,145
434,-0.22930683185222733,-0.0645026222002798,27.48368800617982,-81.62263019390821,247.44923897729572,-50.01253909911776,134.6431592853079,26.096847307458066,146
435,-0.2465976065650466,0.07809085919348036,-0.10994747200356869,0.02120368749700674,247.44923897729572,-50.01253909911776,134.6431592853079,26.096847307458066,146
436,0.4759044384172739,-0.013588236993200553,-27.373740534278568,81.60142650644957,247.44923897729572,-50.01253909911776,134.6431592853079,26.096847307458066,146
437,-0.11570642689093802,-0.22596610772609438,107.40631954296589,-80.66029015537737,206.2364712937248,20.014759086522446,44.262370963636926,25.59904020625143,147
438,0.2459567840787713,-0.1316378660732198,0.017303426429293722,0.18766391496143342,206.2364712937248,20.014759086522446,44.262370963636926,25.59904020625143,147
439,-0.13025035688087883,0.35760397381210396,-107.42362296939518,80.47262624044151,206.2364712937248,20.014759086522446,44.262370963636926,25.59904020625143,147
440,-0.07185119197856693,0.06414108760282033,104.56913547461113,-87.21077721390742,209.95751569129604,20.101690767450975,46.966238251887006,23.3352501846749,148
441,0.13331637162536936,-0.23209573410696294,3.2539006719787267,-2.366188492182175,209.95751569129604,20.101690767450975,46.966238251887006,23.3352501846749,148
442,-0.06146517974912058,0.16795464649135283,-107.82303614656428,89.57696570610238,209.95751569129604,20.101690767450975,46.966238251887006,23.3352501846749,148
443,-0.401001607804119,-0.06861103750424036,107.45823129315397,-80.13744402700098,206.23671734541426,20.014950867863025,44.003360643974624,25.79305217477244,149
444,0.23169479472926469,-0.04202582458674442,0.1148696930982851,-0.0020744897511804083,206.23671734541426,20.014950867863025,44.003360643974624,25.79305217477244,149
445,0.16930681297253614,0.11063686206540524,-107.57310098625226,80.13951851676495,206.23671734541426,20.014950867863025,44.003360643974624,25.79305217477244,149
446,0.1204583843104956,-0.1303170127457065,112.37465334905323,-74.35376716131117,202.6810379119629,21.047374789545426,40.2361482383481,27.136015787744938,150
447,0.06485642226152777,0.18153947309258456,-0.12528867978289782,-0.11395530950863986,202.6810379119629,21.047374789545426,40.2361482383481,27.136015787744938,150
448,-0.18531480677665968,-0.05122246035966782,-112.2493646693215,74.46772247081981,202.6810379119629,21.047374789545426,40.2361482383481,27.136015787744938,150
449,0.04414558876533192,-0.09144252468189507,107.74552541460025,-79.56109879622204,206.2369135234113,20.014927507308883,43.74482913722131,25.985148121457684,151
450,-0.25669198575997143,0.11786726722959884,-0.28263027325863277,0.08588045656381382,206.2369135234113,20.014927507308883,43.74482913722131,25.985148121457684,151
451,0.2125463965853669,-0.026424742547703772,-107.46289514131604,79.47521833963265,206.2369135234113,20.014927507308883,43.74482913722131,25.985148121457684,151
452,-0.20842437929786684,0.17069522209141041,112.14604859234782,-73.98157150574178,202.7866600904362,21.326153186446096,39.86751211796036,27.032258957312184,152
453,0.4266983917432299,-0.07196716523196756,0.5114556872229059,-0.21795480056283623,202.7866600904362,21.326153186446096,39.86751211796036,27.032258957312184,152
454,-0.2182740123430449,-0.09872805682107355,-112.65750427954515,74.19952630630462,202.7866600904362,21.326153186446096,39.86751211796036,27.032258957312184,152
455,-0.053604003130658384,-0.026227794310784702,108.9817085044956,-79.78746773098067,206.2370702870935,20.015058867692257,43.48376496933157,26.177077086492645,153
456,-0.05512321141623033,-0.09676583414233164,-0.08226741868213594,0.21489808577115355,206.2370702870935,20.015058867692257,43.48376496933157,26.177077086492645,153
457,0.10872721464920687,0.12299362846590611,-108.89944108578788,79.5725696452223,206.2370702870935,20.015058867692257,43.48376496933157,26.177077086492645,153
458,0.06831357986811781,-0.1632055272494881,112.0803070309563,-73.23504264321912,203.04622644248388,21.81872886062111,39.48707803042901,26.670208801936994,154
459,0.17854920475883773,0.03772702105919734,0.12757044063675949,-0.10134679114486289,203.04622644248388,21.81872886062111,39.48707803042901,26.670208801936994,154
460,-0.2468627847292737,0.12547850619029077,-112.20787747161864,73.33638943437677,203.04622644248388,21.81872886062111,39.48707803042901,26.670208801936994,154
461,-0.28099561236558657,-0.10610145018574713,108.6793371993366,-78.69715801621169,206.2373526634374,20.015149324195637,43.22224519433331,26.367546741933705,155
462,0.139804798266141,-0.012732254815261967,-0.004301521877891901,0.048653227072747995,206.2373526634374,20.015149324195637,43.22224519433331,26.367546741933705,155
463,0.14119081409944556,0.1188337050393784,-108.67503567748429,78.64850478912615,206.2373526634374,20.015149324195637,43.22224519433331,26.367546741933705,155
464,-0.16639077474565056,0.2156840576347463,116.31562554436812,-76.81488820172859,203.03845184871673,18.229171178545574,41.64033163344328,29.732817915173218,156
465,0.23466717639166745,-0.20258594488353765,0.7266970378026372,-0.19310504013105856,203.03845184871673,18.229171178545574,41.64033163344328,29.732817915173218,156
466,-0.06827640154369874,-0.013098112763998415,-117.04232258214518,77.00799324188523,203.03845184871673,18.229171178545574,41.64033163344328,29.732817915173218,156
467,-0.3870288359621554,-0.3042943989584046,109.63145905205636,-78.35437059932815,206.2376230341158,20.015249784566976,42.9562637951631,26.559372499937755,157
468,0.24445081207886687,0.10247997407475395,-0.12477037412850223,-0.012575267112424626,206.2376230341158,20.015249784566976,42.9562637951631,26.559372499937755,157
469,0.14257802408792486,0.20181442487086088,-109.50668867792785,78.36694586645336,206.2376230341158,20.015249784566976,42.9562637951631,26.559372499937755,157
470,0.007648792882264388,-0.06379848080868555,125.06253349031908,-81.61845180371756,202.25005831560907,12.310703087068854,44.89957535987787,35.091815008645405,158
471,-0.11814600242132656,-0.020541227483761304,-0.2938676019965669,0.25292932105855925,202.25005831560907,12.310703087068854,44.89957535987787,35.091815008645405,158
472,0.11049720943674401,0.08433970829244686,-124.76866588839925,81.36552248271016,202.25005831560907,12.310703087068854,44.89957535987787,35.091815008645405,158
473,-0.1025148176267976,-0.16085056917134466,132.14021330176422,-81.87262435539537,200.42738673695877,9.299805546770441,45.34077741479246,38.661558473711096,159
474,0.0891096198301966,0.18238572258226782,-0.02830006997385226,-0.17858832600268215,200.42738673695877,9.299805546770441,45.34077741479246,38.661558473711096,159
475,0.013405197694282833,-0.021535153423712927,-132.11191323179037,82.05121268142364,200.42738673695877,9.299805546770441,45.34077741479246,38.661558473711096,159
476,0.4527816028030429,0.02030227201075263,125.52680063229786,-81.1146884446515,202.25025291461313,12.310738221514898,44.59397730835756,35.29025115789821,160
477,-0.1505100297322315,-0.26704858404613674,0.05919143759456347,0.33706454300954647,202.25025291461313,12.310738221514898,44.59397730835756,35.29025115789821,160
478,-0.30227157307081143,0.2467463120353841,-125.58599206986685,80.77762390164196,202.25025291461313,12.310738221514898,44.59397730835756,35.29025115789821,160
479,0.0,0.0,0.0,0.0,205.53653986620347,13.69812005458922,46.40694871609417,32.266796004781625,161
